[2026-09-21 20:24:59] local.ERROR: SQLSTATE[HY000] [2002] No connection could be made because the target machine actively refused it (Connection: mysql, Host: 127.0.0.1, Port: 3306, Database: acetel_pg_system, SQL: select exists (select 1 from information_schema.tables where table_schema = schema() and table_name = 'migrations' and table_type in ('BASE TABLE', 'SYSTEM VERSIONED')) as `exists`) {"exception":"[object] (Illuminate\\Database\\QueryException(code: 2002): SQLSTATE[HY000] [2002] No connection could be made because the target machine actively refused it (Connection: mysql, Host: 127.0.0.1, Port: 3306, Database: acetel_pg_system, SQL: select exists (select 1 from information_schema.tables where table_schema = schema() and table_name = 'migrations' and table_type in ('BASE TABLE', 'SYSTEM VERSIONED')) as `exists`) at C:/Documents/Herd/Thesis Monitoring/vendor/laravel/framework/src/Illuminate/Database/Connection.php:838)
[stacktrace]
#0 C:/Documents/Herd/Thesis Monitoring/vendor/laravel/framework/src/Illuminate/Database/Connection.php(999): Illuminate/Database/Connection->runQueryCallback('select exists (...', Array, Object(Closure))
#1 C:/Documents/Herd/Thesis Monitoring/vendor/laravel/framework/src/Illuminate/Database/Connection.php(978): Illuminate/Database/Connection->tryAgainIfCausedByLostConnection(Object(Illuminate/Database/QueryException), 'select exists (...', Array, Object(Closure))
#2 C:/Documents/Herd/Thesis Monitoring/vendor/laravel/framework/src/Illuminate/Database/Connection.php(796): Illuminate/Database/Connection->handleQueryException(Object(Illuminate/Database/QueryException), 'select exists (...', Array, Object(Closure))
#3 C:/Documents/Herd/Thesis Monitoring/vendor/laravel/framework/src/Illuminate/Database/Connection.php(411): Illuminate/Database/Connection->run('select exists (...', Array, Object(Closure))
#4 C:/Documents/Herd/Thesis Monitoring/vendor/laravel/framework/src/Illuminate/Database/Connection.php(357): Illuminate/Database/Connection->select('select exists (...', Array, true)
#5 C:/Documents/Herd/Thesis Monitoring/vendor/laravel/framework/src/Illuminate/Database/Connection.php(374): Illuminate/Database/Connection->selectOne('select exists (...', Array, true)
#6 C:/Documents/Herd/Thesis Monitoring/vendor/laravel/framework/src/Illuminate/Database/Schema/Builder.php(176): Illuminate/Database/Connection->scalar('select exists (...')
#7 C:/Documents/Herd/Thesis Monitoring/vendor/laravel/framework/src/Illuminate/Database/Migrations/DatabaseMigrationRepository.php(185): Illuminate/Database/Schema/Builder->hasTable('migrations')
#8 C:/Documents/Herd/Thesis Monitoring/vendor/laravel/framework/src/Illuminate/Database/Migrations/Migrator.php(758): Illuminate/Database/Migrations/DatabaseMigrationRepository->repositoryExists()
#9 C:/Documents/Herd/Thesis Monitoring/vendor/laravel/framework/src/Illuminate/Database/Console/Migrations/MigrateCommand.php(164): Illuminate/Database/Migrations/Migrator->repositoryExists()
#10 C:/Documents/Herd/Thesis Monitoring/vendor/laravel/framework/src/Illuminate/Support/helpers.php(328): Illuminate/Database/Console/Migrations/MigrateCommand->Illuminate/Database/Console/Migrations/{closure}(1)
#11 C:/Documents/Herd/Thesis Monitoring/vendor/laravel/framework/src/Illuminate/Database/Console/Migrations/MigrateCommand.php(164): retry(1, Object(Closure), 0, Object(Closure))
#12 C:/Documents/Herd/Thesis Monitoring/vendor/laravel/framework/src/Illuminate/Database/Console/Migrations/MigrateCommand.php(140): Illuminate/Database/Console/Migrations/MigrateCommand->repositoryExists()
#13 C:/Documents/Herd/Thesis Monitoring/vendor/laravel/framework/src/Illuminate/Database/Console/Migrations/MigrateCommand.php(110): Illuminate/Database/Console/Migrations/MigrateCommand->prepareDatabase()
#14 C:/Documents/Herd/Thesis Monitoring/vendor/laravel/framework/src/Illuminate/Database/Migrations/Migrator.php(671): Illuminate/Database/Console/Migrations/MigrateCommand->Illuminate/Database/Console/Migrations/{closure}()
#15 C:/Documents/Herd/Thesis Monitoring/vendor/laravel/framework/src/Illuminate/Database/Console/Migrations/MigrateCommand.php(109): Illuminate/Database/Migrations/Migrator->usingConnection(NULL, Object(Closure))
#16 C:/Documents/Herd/Thesis Monitoring/vendor/laravel/framework/src/Illuminate/Database/Console/Migrations/MigrateCommand.php(88): Illuminate/Database/Console/Migrations/MigrateCommand->runMigrations()
#17 C:/Documents/Herd/Thesis Monitoring/vendor/laravel/framework/src/Illuminate/Container/BoundMethod.php(36): Illuminate/Database/Console/Migrations/MigrateCommand->handle()
#18 C:/Documents/Herd/Thesis Monitoring/vendor/laravel/framework/src/Illuminate/Container/Util.php(43): Illuminate/Container/BoundMethod::Illuminate/Container/{closure}()
#19 C:/Documents/Herd/Thesis Monitoring/vendor/laravel/framework/src/Illuminate/Container/BoundMethod.php(96): Illuminate/Container/Util::unwrapIfClosure(Object(Closure))
#20 C:/Documents/Herd/Thesis Monitoring/vendor/laravel/framework/src/Illuminate/Container/BoundMethod.php(35): Illuminate/Container/BoundMethod::callBoundMethod(Object(Illuminate/Foundation/Application), Array, Object(Closure))
#21 C:/Documents/Herd/Thesis Monitoring/vendor/laravel/framework/src/Illuminate/Container/Container.php(799): Illuminate/Container/BoundMethod::call(Object(Illuminate/Foundation/Application), Array, Array, NULL)
#22 C:/Documents/Herd/Thesis Monitoring/vendor/laravel/framework/src/Illuminate/Console/Command.php(211): Illuminate/Container/Container->call(Array)
#23 C:/Documents/Herd/Thesis Monitoring/vendor/symfony/console/Command/Command.php(341): Illuminate/Console/Command->execute(Object(Symfony/Component/Console/Input/ArgvInput), Object(Illuminate/Console/OutputStyle))
#24 C:/Documents/Herd/Thesis Monitoring/vendor/laravel/framework/src/Illuminate/Console/Command.php(180): Symfony/Component/Console/Command/Command->run(Object(Symfony/Component/Console/Input/ArgvInput), Object(Illuminate/Console/OutputStyle))
#25 C:/Documents/Herd/Thesis Monitoring/vendor/symfony/console/Application.php(1117): Illuminate/Console/Command->run(Object(Symfony/Component/Console/Input/ArgvInput), Object(Symfony/Component/Console/Output/ConsoleOutput))
#26 C:/Documents/Herd/Thesis Monitoring/vendor/symfony/console/Application.php(356): Symfony/Component/Console/Application->doRunCommand(Object(Illuminate/Database/Console/Migrations/MigrateCommand), Object(Symfony/Component/Console/Input/ArgvInput), Object(Symfony/Component/Console/Output/ConsoleOutput))
#27 C:/Documents/Herd/Thesis Monitoring/vendor/symfony/console/Application.php(195): Symfony/Component/Console/Application->doRun(Object(Symfony/Component/Console/Input/ArgvInput), Object(Symfony/Component/Console/Output/ConsoleOutput))
#28 C:/Documents/Herd/Thesis Monitoring/vendor/laravel/framework/src/Illuminate/Foundation/Console/Kernel.php(198): Symfony/Component/Console/Application->run(Object(Symfony/Component/Console/Input/ArgvInput), Object(Symfony/Component/Console/Output/ConsoleOutput))
#29 C:/Documents/Herd/Thesis Monitoring/vendor/laravel/framework/src/Illuminate/Foundation/Application.php(1235): Illuminate/Foundation/Console/Kernel->handle(Object(Symfony/Component/Console/Input/ArgvInput), Object(Symfony/Component/Console/Output/ConsoleOutput))
#30 C:/Documents/Herd/Thesis Monitoring/artisan(16): Illuminate/Foundation/Application->handleCommand(Object(Symfony/Component/Console/Input/ArgvInput))
#31 {main}

[previous exception] [object] (PDOException(code: 2002): SQLSTATE[HY000] [2002] No connection could be made because the target machine actively refused it at C:/Documents/Herd/Thesis Monitoring/vendor/laravel/framework/src/Illuminate/Database/Connectors/Connector.php:66)
[stacktrace]
#0 C:/Documents/Herd/Thesis Monitoring/vendor/laravel/framework/src/Illuminate/Database/Connectors/Connector.php(66): PDO->__construct('mysql:host=127....', 'root', Object(SensitiveParameterValue), Array)
#1 C:/Documents/Herd/Thesis Monitoring/vendor/laravel/framework/src/Illuminate/Database/Connectors/Connector.php(85): Illuminate/Database/Connectors/Connector->createPdoConnection('mysql:host=127....', 'root', Object(SensitiveParameterValue), Array)
#2 C:/Documents/Herd/Thesis Monitoring/vendor/laravel/framework/src/Illuminate/Database/Connectors/Connector.php(48): Illuminate/Database/Connectors/Connector->tryAgainIfCausedByLostConnection(Object(PDOException), 'mysql:host=127....', 'root', Object(SensitiveParameterValue), Array)
#3 C:/Documents/Herd/Thesis Monitoring/vendor/laravel/framework/src/Illuminate/Database/Connectors/MySqlConnector.php(24): Illuminate/Database/Connectors/Connector->createConnection('mysql:host=127....', Array, Array)
#4 C:/Documents/Herd/Thesis Monitoring/vendor/laravel/framework/src/Illuminate/Database/Connectors/ConnectionFactory.php(186): Illuminate/Database/Connectors/MySqlConnector->connect(Array)
#5 [internal function]: Illuminate/Database/Connectors/ConnectionFactory->Illuminate/Database/Connectors/{closure}()
#6 C:/Documents/Herd/Thesis Monitoring/vendor/laravel/framework/src/Illuminate/Database/Connection.php(1257): call_user_func(Object(Closure))
#7 C:/Documents/Herd/Thesis Monitoring/vendor/laravel/framework/src/Illuminate/Database/Connection.php(1295): Illuminate/Database/Connection->getPdo()
#8 C:/Documents/Herd/Thesis Monitoring/vendor/laravel/framework/src/Illuminate/Database/Connection.php(525): Illuminate/Database/Connection->getReadPdo()
#9 C:/Documents/Herd/Thesis Monitoring/vendor/laravel/framework/src/Illuminate/Database/Connection.php(420): Illuminate/Database/Connection->getPdoForSelect(true)
#10 C:/Documents/Herd/Thesis Monitoring/vendor/laravel/framework/src/Illuminate/Database/Connection.php(827): Illuminate/Database/Connection->Illuminate/Database/{closure}('select exists (...', Array)
#11 C:/Documents/Herd/Thesis Monitoring/vendor/laravel/framework/src/Illuminate/Database/Connection.php(999): Illuminate/Database/Connection->runQueryCallback('select exists (...', Array, Object(Closure))
#12 C:/Documents/Herd/Thesis Monitoring/vendor/laravel/framework/src/Illuminate/Database/Connection.php(978): Illuminate/Database/Connection->tryAgainIfCausedByLostConnection(Object(Illuminate/Database/QueryException), 'select exists (...', Array, Object(Closure))
#13 C:/Documents/Herd/Thesis Monitoring/vendor/laravel/framework/src/Illuminate/Database/Connection.php(796): Illuminate/Database/Connection->handleQueryException(Object(Illuminate/Database/QueryException), 'select exists (...', Array, Object(Closure))
#14 C:/Documents/Herd/Thesis Monitoring/vendor/laravel/framework/src/Illuminate/Database/Connection.php(411): Illuminate/Database/Connection->run('select exists (...', Array, Object(Closure))
#15 C:/Documents/Herd/Thesis Monitoring/vendor/laravel/framework/src/Illuminate/Database/Connection.php(357): Illuminate/Database/Connection->select('select exists (...', Array, true)
#16 C:/Documents/Herd/Thesis Monitoring/vendor/laravel/framework/src/Illuminate/Database/Connection.php(374): Illuminate/Database/Connection->selectOne('select exists (...', Array, true)
#17 C:/Documents/Herd/Thesis Monitoring/vendor/laravel/framework/src/Illuminate/Database/Schema/Builder.php(176): Illuminate/Database/Connection->scalar('select exists (...')
#18 C:/Documents/Herd/Thesis Monitoring/vendor/laravel/framework/src/Illuminate/Database/Migrations/DatabaseMigrationRepository.php(185): Illuminate/Database/Schema/Builder->hasTable('migrations')
#19 C:/Documents/Herd/Thesis Monitoring/vendor/laravel/framework/src/Illuminate/Database/Migrations/Migrator.php(758): Illuminate/Database/Migrations/DatabaseMigrationRepository->repositoryExists()
#20 C:/Documents/Herd/Thesis Monitoring/vendor/laravel/framework/src/Illuminate/Database/Console/Migrations/MigrateCommand.php(164): Illuminate/Database/Migrations/Migrator->repositoryExists()
#21 C:/Documents/Herd/Thesis Monitoring/vendor/laravel/framework/src/Illuminate/Support/helpers.php(328): Illuminate/Database/Console/Migrations/MigrateCommand->Illuminate/Database/Console/Migrations/{closure}(1)
#22 C:/Documents/Herd/Thesis Monitoring/vendor/laravel/framework/src/Illuminate/Database/Console/Migrations/MigrateCommand.php(164): retry(1, Object(Closure), 0, Object(Closure))
#23 C:/Documents/Herd/Thesis Monitoring/vendor/laravel/framework/src/Illuminate/Database/Console/Migrations/MigrateCommand.php(140): Illuminate/Database/Console/Migrations/MigrateCommand->repositoryExists()
#24 C:/Documents/Herd/Thesis Monitoring/vendor/laravel/framework/src/Illuminate/Database/Console/Migrations/MigrateCommand.php(110): Illuminate/Database/Console/Migrations/MigrateCommand->prepareDatabase()
#25 C:/Documents/Herd/Thesis Monitoring/vendor/laravel/framework/src/Illuminate/Database/Migrations/Migrator.php(671): Illuminate/Database/Console/Migrations/MigrateCommand->Illuminate/Database/Console/Migrations/{closure}()
#26 C:/Documents/Herd/Thesis Monitoring/vendor/laravel/framework/src/Illuminate/Database/Console/Migrations/MigrateCommand.php(109): Illuminate/Database/Migrations/Migrator->usingConnection(NULL, Object(Closure))
#27 C:/Documents/Herd/Thesis Monitoring/vendor/laravel/framework/src/Illuminate/Database/Console/Migrations/MigrateCommand.php(88): Illuminate/Database/Console/Migrations/MigrateCommand->runMigrations()
#28 C:/Documents/Herd/Thesis Monitoring/vendor/laravel/framework/src/Illuminate/Container/BoundMethod.php(36): Illuminate/Database/Console/Migrations/MigrateCommand->handle()
#29 C:/Documents/Herd/Thesis Monitoring/vendor/laravel/framework/src/Illuminate/Container/Util.php(43): Illuminate/Container/BoundMethod::Illuminate/Container/{closure}()
#30 C:/Documents/Herd/Thesis Monitoring/vendor/laravel/framework/src/Illuminate/Container/BoundMethod.php(96): Illuminate/Container/Util::unwrapIfClosure(Object(Closure))
#31 C:/Documents/Herd/Thesis Monitoring/vendor/laravel/framework/src/Illuminate/Container/BoundMethod.php(35): Illuminate/Container/BoundMethod::callBoundMethod(Object(Illuminate/Foundation/Application), Array, Object(Closure))
#32 C:/Documents/Herd/Thesis Monitoring/vendor/laravel/framework/src/Illuminate/Container/Container.php(799): Illuminate/Container/BoundMethod::call(Object(Illuminate/Foundation/Application), Array, Array, NULL)
#33 C:/Documents/Herd/Thesis Monitoring/vendor/laravel/framework/src/Illuminate/Console/Command.php(211): Illuminate/Container/Container->call(Array)
#34 C:/Documents/Herd/Thesis Monitoring/vendor/symfony/console/Command/Command.php(341): Illuminate/Console/Command->execute(Object(Symfony/Component/Console/Input/ArgvInput), Object(Illuminate/Console/OutputStyle))
#35 C:/Documents/Herd/Thesis Monitoring/vendor/laravel/framework/src/Illuminate/Console/Command.php(180): Symfony/Component/Console/Command/Command->run(Object(Symfony/Component/Console/Input/ArgvInput), Object(Illuminate/Console/OutputStyle))
#36 C:/Documents/Herd/Thesis Monitoring/vendor/symfony/console/Application.php(1117): Illuminate/Console/Command->run(Object(Symfony/Component/Console/Input/ArgvInput), Object(Symfony/Component/Console/Output/ConsoleOutput))
#37 C:/Documents/Herd/Thesis Monitoring/vendor/symfony/console/Application.php(356): Symfony/Component/Console/Application->doRunCommand(Object(Illuminate/Database/Console/Migrations/MigrateCommand), Object(Symfony/Component/Console/Input/ArgvInput), Object(Symfony/Component/Console/Output/ConsoleOutput))
#38 C:/Documents/Herd/Thesis Monitoring/vendor/symfony/console/Application.php(195): Symfony/Component/Console/Application->doRun(Object(Symfony/Component/Console/Input/ArgvInput), Object(Symfony/Component/Console/Output/ConsoleOutput))
#39 C:/Documents/Herd/Thesis Monitoring/vendor/laravel/framework/src/Illuminate/Foundation/Console/Kernel.php(198): Symfony/Component/Console/Application->run(Object(Symfony/Component/Console/Input/ArgvInput), Object(Symfony/Component/Console/Output/ConsoleOutput))
#40 C:/Documents/Herd/Thesis Monitoring/vendor/laravel/framework/src/Illuminate/Foundation/Application.php(1235): Illuminate/Foundation/Console/Kernel->handle(Object(Symfony/Component/Console/Input/ArgvInput), Object(Symfony/Component/Console/Output/ConsoleOutput))
#41 C:/Documents/Herd/Thesis Monitoring/artisan(16): Illuminate/Foundation/Application->handleCommand(Object(Symfony/Component/Console/Input/ArgvInput))
#42 {main}
"} 
[2026-09-21 20:33:50] local.ERROR: PHP Parse error: Syntax error, unexpected T_NS_SEPARATOR on line 1 {"exception":"[object] (Psy\\Exception\\ParseErrorException(code: 0): PHP Parse error: Syntax error, unexpected T_NS_SEPARATOR on line 1 at C:/Documents/Herd/Thesis Monitoring/vendor/psy/psysh/src/Exception/ParseErrorException.php:44)
[stacktrace]
#0 C:/Documents/Herd/Thesis Monitoring/vendor/psy/psysh/src/CodeCleaner.php(657): Psy/Exception/ParseErrorException::fromParseError(Object(PhpParser/Error))
#1 C:/Documents/Herd/Thesis Monitoring/vendor/psy/psysh/src/CodeCleaner.php(273): Psy/CodeCleaner->parse('<?php // = App//M...', false)
#2 C:/Documents/Herd/Thesis Monitoring/vendor/psy/psysh/src/Shell.php(1399): Psy/CodeCleaner->clean(Array, false)
#3 C:/Documents/Herd/Thesis Monitoring/vendor/psy/psysh/src/Shell.php(1506): Psy/Shell->appendCode('// = App//Models//...', true, false)
#4 C:/Documents/Herd/Thesis Monitoring/vendor/psy/psysh/src/Shell.php(2215): Psy/Shell->setCode('// = App//Models//...', true)
#5 C:/Documents/Herd/Thesis Monitoring/vendor/laravel/tinker/src/Console/TinkerCommand.php(77): Psy/Shell->execute('// = App//Models//...')
#6 C:/Documents/Herd/Thesis Monitoring/vendor/laravel/framework/src/Illuminate/Container/BoundMethod.php(36): Laravel/Tinker/Console/TinkerCommand->handle()
#7 C:/Documents/Herd/Thesis Monitoring/vendor/laravel/framework/src/Illuminate/Container/Util.php(43): Illuminate/Container/BoundMethod::Illuminate/Container/{closure}()
#8 C:/Documents/Herd/Thesis Monitoring/vendor/laravel/framework/src/Illuminate/Container/BoundMethod.php(96): Illuminate/Container/Util::unwrapIfClosure(Object(Closure))
#9 C:/Documents/Herd/Thesis Monitoring/vendor/laravel/framework/src/Illuminate/Container/BoundMethod.php(35): Illuminate/Container/BoundMethod::callBoundMethod(Object(Illuminate/Foundation/Application), Array, Object(Closure))
#10 C:/Documents/Herd/Thesis Monitoring/vendor/laravel/framework/src/Illuminate/Container/Container.php(799): Illuminate/Container/BoundMethod::call(Object(Illuminate/Foundation/Application), Array, Array, NULL)
#11 C:/Documents/Herd/Thesis Monitoring/vendor/laravel/framework/src/Illuminate/Console/Command.php(211): Illuminate/Container/Container->call(Array)
#12 C:/Documents/Herd/Thesis Monitoring/vendor/symfony/console/Command/Command.php(341): Illuminate/Console/Command->execute(Object(Symfony/Component/Console/Input/ArgvInput), Object(Illuminate/Console/OutputStyle))
#13 C:/Documents/Herd/Thesis Monitoring/vendor/laravel/framework/src/Illuminate/Console/Command.php(180): Symfony/Component/Console/Command/Command->run(Object(Symfony/Component/Console/Input/ArgvInput), Object(Illuminate/Console/OutputStyle))
#14 C:/Documents/Herd/Thesis Monitoring/vendor/symfony/console/Application.php(1117): Illuminate/Console/Command->run(Object(Symfony/Component/Console/Input/ArgvInput), Object(Symfony/Component/Console/Output/ConsoleOutput))
#15 C:/Documents/Herd/Thesis Monitoring/vendor/symfony/console/Application.php(356): Symfony/Component/Console/Application->doRunCommand(Object(Laravel/Tinker/Console/TinkerCommand), Object(Symfony/Component/Console/Input/ArgvInput), Object(Symfony/Component/Console/Output/ConsoleOutput))
#16 C:/Documents/Herd/Thesis Monitoring/vendor/symfony/console/Application.php(195): Symfony/Component/Console/Application->doRun(Object(Symfony/Component/Console/Input/ArgvInput), Object(Symfony/Component/Console/Output/ConsoleOutput))
#17 C:/Documents/Herd/Thesis Monitoring/vendor/laravel/framework/src/Illuminate/Foundation/Console/Kernel.php(198): Symfony/Component/Console/Application->run(Object(Symfony/Component/Console/Input/ArgvInput), Object(Symfony/Component/Console/Output/ConsoleOutput))
#18 C:/Documents/Herd/Thesis Monitoring/vendor/laravel/framework/src/Illuminate/Foundation/Application.php(1235): Illuminate/Foundation/Console/Kernel->handle(Object(Symfony/Component/Console/Input/ArgvInput), Object(Symfony/Component/Console/Output/ConsoleOutput))
#19 C:/Documents/Herd/Thesis Monitoring/artisan(16): Illuminate/Foundation/Application->handleCommand(Object(Symfony/Component/Console/Input/ArgvInput))
#20 {main}
"} 
[2026-09-21 20:34:34] local.ERROR: Attempt to read property "id" on null {"exception":"[object] (ErrorException(code: 0): Attempt to read property \"id\" on null at C:/Documents/Herd/Thesis Monitoring/create_test_accounts.php:52)
[stacktrace]
#0 C:/Documents/Herd/Thesis Monitoring/vendor/laravel/framework/src/Illuminate/Foundation/Bootstrap/HandleExceptions.php(262): Illuminate/Foundation/Bootstrap/HandleExceptions->handleError(2, 'Attempt to read...', 'C://Documents//He...', 52)
#1 C:/Documents/Herd/Thesis Monitoring/create_test_accounts.php(52): Illuminate/Foundation/Bootstrap/HandleExceptions->Illuminate/Foundation/Bootstrap/{closure}(2, 'Attempt to read...', 'C://Documents//He...', 52)
#2 {main}
"} 
[2026-09-21 20:59:54] local.ERROR: SQLSTATE[23000]: Integrity constraint violation: 19 UNIQUE constraint failed: users.email (Connection: sqlite, Database: C:\Documents\Herd\Thesis Monitoring\database\database.sqlite, SQL: insert into "users" ("name", "email", "password", "updated_at", "created_at") values (Ismaila Idris sinan, sinanismailaidris@gmail.com, $2y$12$alIEuRey/8F7P.3cS7oyPOGnQmkCEZ1GcmcMAdOXP.E3V0tEQ55ym, 2026-09-21 20:59:53, 2026-09-21 20:59:53)) {"exception":"[object] (Illuminate\\Database\\UniqueConstraintViolationException(code: 23000): SQLSTATE[23000]: Integrity constraint violation: 19 UNIQUE constraint failed: users.email (Connection: sqlite, Database: C:\\Documents\\Herd\\Thesis Monitoring\\database\\database.sqlite, SQL: insert into \"users\" (\"name\", \"email\", \"password\", \"updated_at\", \"created_at\") values (Ismaila Idris sinan, sinanismailaidris@gmail.com, $2y$12$alIEuRey/8F7P.3cS7oyPOGnQmkCEZ1GcmcMAdOXP.E3V0tEQ55ym, 2026-09-21 20:59:53, 2026-09-21 20:59:53)) at C:/Documents/Herd/Thesis Monitoring/vendor/laravel/framework/src/Illuminate/Database/Connection.php:838)
[stacktrace]
#0 C:/Documents/Herd/Thesis Monitoring/vendor/laravel/framework/src/Illuminate/Database/Connection.php(794): Illuminate/Database/Connection->runQueryCallback('insert into \"us...', Array, Object(Closure))
#1 C:/Documents/Herd/Thesis Monitoring/vendor/laravel/framework/src/Illuminate/Database/Connection.php(573): Illuminate/Database/Connection->run('insert into \"us...', Array, Object(Closure))
#2 C:/Documents/Herd/Thesis Monitoring/vendor/laravel/framework/src/Illuminate/Database/Connection.php(537): Illuminate/Database/Connection->statement('insert into \"us...', Array)
#3 C:/Documents/Herd/Thesis Monitoring/vendor/laravel/framework/src/Illuminate/Database/Query/Processors/Processor.php(32): Illuminate/Database/Connection->insert('insert into \"us...', Array)
#4 C:/Documents/Herd/Thesis Monitoring/vendor/laravel/framework/src/Illuminate/Database/Query/Builder.php(4170): Illuminate/Database/Query/Processors/Processor->processInsertGetId(Object(Illuminate/Database/Query/Builder), 'insert into \"us...', Array, 'id')
#5 C:/Documents/Herd/Thesis Monitoring/vendor/laravel/framework/src/Illuminate/Database/Eloquent/Builder.php(2237): Illuminate/Database/Query/Builder->insertGetId(Array, 'id')
#6 C:/Documents/Herd/Thesis Monitoring/vendor/laravel/framework/src/Illuminate/Database/Eloquent/Model.php(1436): Illuminate/Database/Eloquent/Builder->__call('insertGetId', Array)
#7 C:/Documents/Herd/Thesis Monitoring/vendor/laravel/framework/src/Illuminate/Database/Eloquent/Model.php(1401): Illuminate/Database/Eloquent/Model->insertAndSetId(Object(Illuminate/Database/Eloquent/Builder), Array)
#8 C:/Documents/Herd/Thesis Monitoring/vendor/laravel/framework/src/Illuminate/Database/Eloquent/Model.php(1240): Illuminate/Database/Eloquent/Model->performInsert(Object(Illuminate/Database/Eloquent/Builder))
#9 C:/Documents/Herd/Thesis Monitoring/vendor/laravel/framework/src/Illuminate/Database/Eloquent/Builder.php(1219): Illuminate/Database/Eloquent/Model->save()
#10 C:/Documents/Herd/Thesis Monitoring/vendor/laravel/framework/src/Illuminate/Support/helpers.php(393): Illuminate/Database/Eloquent/Builder->Illuminate/Database/Eloquent/{closure}(Object(App/Models/User))
#11 C:/Documents/Herd/Thesis Monitoring/vendor/laravel/framework/src/Illuminate/Database/Eloquent/Builder.php(1218): tap(Object(App/Models/User), Object(Closure))
#12 C:/Documents/Herd/Thesis Monitoring/vendor/laravel/framework/src/Illuminate/Support/Traits/ForwardsCalls.php(23): Illuminate/Database/Eloquent/Builder->create(Array)
#13 C:/Documents/Herd/Thesis Monitoring/vendor/laravel/framework/src/Illuminate/Database/Eloquent/Model.php(2544): Illuminate/Database/Eloquent/Model->forwardCallTo(Object(Illuminate/Database/Eloquent/Builder), 'create', Array)
#14 C:/Documents/Herd/Thesis Monitoring/vendor/laravel/framework/src/Illuminate/Database/Eloquent/Model.php(2560): Illuminate/Database/Eloquent/Model->__call('create', Array)
#15 C:/Documents/Herd/Thesis Monitoring/app/Livewire/StudentRegistrationWizard.php(122): Illuminate/Database/Eloquent/Model::__callStatic('create', Array)
#16 C:/Documents/Herd/Thesis Monitoring/vendor/laravel/framework/src/Illuminate/Database/Concerns/ManagesTransactions.php(35): App/Livewire/StudentRegistrationWizard->App/Livewire/{closure}(Object(Illuminate/Database/SQLiteConnection))
#17 C:/Documents/Herd/Thesis Monitoring/vendor/laravel/framework/src/Illuminate/Database/DatabaseManager.php(491): Illuminate/Database/Connection->transaction(Object(Closure))
#18 C:/Documents/Herd/Thesis Monitoring/vendor/laravel/framework/src/Illuminate/Support/Facades/Facade.php(363): Illuminate/Database/DatabaseManager->__call('transaction', Array)
#19 C:/Documents/Herd/Thesis Monitoring/app/Livewire/StudentRegistrationWizard.php(120): Illuminate/Support/Facades/Facade::__callStatic('transaction', Array)
#20 C:/Documents/Herd/Thesis Monitoring/app/Livewire/StudentRegistrationWizard.php(105): App/Livewire/StudentRegistrationWizard->submitRegistration()
#21 C:/Documents/Herd/Thesis Monitoring/vendor/laravel/framework/src/Illuminate/Container/BoundMethod.php(36): App/Livewire/StudentRegistrationWizard->answerQuestion('no')
#22 C:/Documents/Herd/Thesis Monitoring/vendor/laravel/framework/src/Illuminate/Container/Util.php(43): Illuminate/Container/BoundMethod::Illuminate/Container/{closure}()
#23 C:/Documents/Herd/Thesis Monitoring/vendor/laravel/framework/src/Illuminate/Container/BoundMethod.php(96): Illuminate/Container/Util::unwrapIfClosure(Object(Closure))
#24 C:/Documents/Herd/Thesis Monitoring/vendor/laravel/framework/src/Illuminate/Container/BoundMethod.php(35): Illuminate/Container/BoundMethod::callBoundMethod(Object(Illuminate/Foundation/Application), Array, Object(Closure))
#25 C:/Documents/Herd/Thesis Monitoring/vendor/livewire/livewire/src/Wrapped.php(23): Illuminate/Container/BoundMethod::call(Object(Illuminate/Foundation/Application), Array, Array)
#26 C:/Documents/Herd/Thesis Monitoring/vendor/livewire/livewire/src/Mechanisms/HandleComponents/HandleComponents.php(583): Livewire/Wrapped->__call('answerQuestion', Array)
#27 C:/Documents/Herd/Thesis Monitoring/vendor/livewire/livewire/src/Mechanisms/HandleComponents/HandleComponents.php(224): Livewire/Mechanisms/HandleComponents/HandleComponents->callMethods(Object(App/Livewire/StudentRegistrationWizard), Array, Object(Livewire/Mechanisms/HandleComponents/ComponentContext))
#28 C:/Documents/Herd/Thesis Monitoring/vendor/livewire/livewire/src/LivewireManager.php(132): Livewire/Mechanisms/HandleComponents/HandleComponents->update(Array, Array, Array)
#29 C:/Documents/Herd/Thesis Monitoring/vendor/livewire/livewire/src/Mechanisms/HandleRequests/HandleRequests.php(220): Livewire/LivewireManager->update(Array, Array, Array)
#30 C:/Documents/Herd/Thesis Monitoring/vendor/laravel/framework/src/Illuminate/Routing/ControllerDispatcher.php(46): Livewire/Mechanisms/HandleRequests/HandleRequests->handleUpdate()
#31 C:/Documents/Herd/Thesis Monitoring/vendor/laravel/framework/src/Illuminate/Routing/Route.php(265): Illuminate/Routing/ControllerDispatcher->dispatch(Object(Illuminate/Routing/Route), Object(Livewire/Mechanisms/HandleRequests/HandleRequests), 'handleUpdate')
#32 C:/Documents/Herd/Thesis Monitoring/vendor/laravel/framework/src/Illuminate/Routing/Route.php(211): Illuminate/Routing/Route->runController()
#33 C:/Documents/Herd/Thesis Monitoring/vendor/laravel/framework/src/Illuminate/Routing/Router.php(822): Illuminate/Routing/Route->run()
#34 C:/Documents/Herd/Thesis Monitoring/vendor/laravel/framework/src/Illuminate/Pipeline/Pipeline.php(180): Illuminate/Routing/Router->Illuminate/Routing/{closure}(Object(Illuminate/Http/Request))
#35 C:/Documents/Herd/Thesis Monitoring/vendor/livewire/livewire/src/Mechanisms/HandleRequests/RequireLivewireHeaders.php(19): Illuminate/Pipeline/Pipeline->Illuminate/Pipeline/{closure}(Object(Illuminate/Http/Request))
#36 C:/Documents/Herd/Thesis Monitoring/vendor/laravel/framework/src/Illuminate/Pipeline/Pipeline.php(219): Livewire/Mechanisms/HandleRequests/RequireLivewireHeaders->handle(Object(Illuminate/Http/Request), Object(Closure))
#37 C:/Documents/Herd/Thesis Monitoring/vendor/laravel/framework/src/Illuminate/Routing/Middleware/SubstituteBindings.php(50): Illuminate/Pipeline/Pipeline->Illuminate/Pipeline/{closure}(Object(Illuminate/Http/Request))
#38 C:/Documents/Herd/Thesis Monitoring/vendor/laravel/framework/src/Illuminate/Pipeline/Pipeline.php(219): Illuminate/Routing/Middleware/SubstituteBindings->handle(Object(Illuminate/Http/Request), Object(Closure))
#39 C:/Documents/Herd/Thesis Monitoring/vendor/laravel/framework/src/Illuminate/Foundation/Http/Middleware/VerifyCsrfToken.php(87): Illuminate/Pipeline/Pipeline->Illuminate/Pipeline/{closure}(Object(Illuminate/Http/Request))
#40 C:/Documents/Herd/Thesis Monitoring/vendor/laravel/framework/src/Illuminate/Pipeline/Pipeline.php(219): Illuminate/Foundation/Http/Middleware/VerifyCsrfToken->handle(Object(Illuminate/Http/Request), Object(Closure))
#41 C:/Documents/Herd/Thesis Monitoring/vendor/laravel/framework/src/Illuminate/View/Middleware/ShareErrorsFromSession.php(48): Illuminate/Pipeline/Pipeline->Illuminate/Pipeline/{closure}(Object(Illuminate/Http/Request))
#42 C:/Documents/Herd/Thesis Monitoring/vendor/laravel/framework/src/Illuminate/Pipeline/Pipeline.php(219): Illuminate/View/Middleware/ShareErrorsFromSession->handle(Object(Illuminate/Http/Request), Object(Closure))
#43 C:/Documents/Herd/Thesis Monitoring/vendor/laravel/framework/src/Illuminate/Session/Middleware/StartSession.php(120): Illuminate/Pipeline/Pipeline->Illuminate/Pipeline/{closure}(Object(Illuminate/Http/Request))
#44 C:/Documents/Herd/Thesis Monitoring/vendor/laravel/framework/src/Illuminate/Session/Middleware/StartSession.php(63): Illuminate/Session/Middleware/StartSession->handleStatefulRequest(Object(Illuminate/Http/Request), Object(Illuminate/Session/Store), Object(Closure))
#45 C:/Documents/Herd/Thesis Monitoring/vendor/laravel/framework/src/Illuminate/Pipeline/Pipeline.php(219): Illuminate/Session/Middleware/StartSession->handle(Object(Illuminate/Http/Request), Object(Closure))
#46 C:/Documents/Herd/Thesis Monitoring/vendor/laravel/framework/src/Illuminate/Cookie/Middleware/AddQueuedCookiesToResponse.php(36): Illuminate/Pipeline/Pipeline->Illuminate/Pipeline/{closure}(Object(Illuminate/Http/Request))
#47 C:/Documents/Herd/Thesis Monitoring/vendor/laravel/framework/src/Illuminate/Pipeline/Pipeline.php(219): Illuminate/Cookie/Middleware/AddQueuedCookiesToResponse->handle(Object(Illuminate/Http/Request), Object(Closure))
#48 C:/Documents/Herd/Thesis Monitoring/vendor/laravel/framework/src/Illuminate/Cookie/Middleware/EncryptCookies.php(74): Illuminate/Pipeline/Pipeline->Illuminate/Pipeline/{closure}(Object(Illuminate/Http/Request))
#49 C:/Documents/Herd/Thesis Monitoring/vendor/laravel/framework/src/Illuminate/Pipeline/Pipeline.php(219): Illuminate/Cookie/Middleware/EncryptCookies->handle(Object(Illuminate/Http/Request), Object(Closure))
#50 C:/Documents/Herd/Thesis Monitoring/vendor/laravel/framework/src/Illuminate/Pipeline/Pipeline.php(137): Illuminate/Pipeline/Pipeline->Illuminate/Pipeline/{closure}(Object(Illuminate/Http/Request))
#51 C:/Documents/Herd/Thesis Monitoring/vendor/laravel/framework/src/Illuminate/Routing/Router.php(821): Illuminate/Pipeline/Pipeline->then(Object(Closure))
#52 C:/Documents/Herd/Thesis Monitoring/vendor/laravel/framework/src/Illuminate/Routing/Router.php(800): Illuminate/Routing/Router->runRouteWithinStack(Object(Illuminate/Routing/Route), Object(Illuminate/Http/Request))
#53 C:/Documents/Herd/Thesis Monitoring/vendor/laravel/framework/src/Illuminate/Routing/Router.php(764): Illuminate/Routing/Router->runRoute(Object(Illuminate/Http/Request), Object(Illuminate/Routing/Route))
#54 C:/Documents/Herd/Thesis Monitoring/vendor/laravel/framework/src/Illuminate/Routing/Router.php(753): Illuminate/Routing/Router->dispatchToRoute(Object(Illuminate/Http/Request))
#55 C:/Documents/Herd/Thesis Monitoring/vendor/laravel/framework/src/Illuminate/Foundation/Http/Kernel.php(200): Illuminate/Routing/Router->dispatch(Object(Illuminate/Http/Request))
#56 C:/Documents/Herd/Thesis Monitoring/vendor/laravel/framework/src/Illuminate/Pipeline/Pipeline.php(180): Illuminate/Foundation/Http/Kernel->Illuminate/Foundation/Http/{closure}(Object(Illuminate/Http/Request))
#57 C:/Documents/Herd/Thesis Monitoring/vendor/livewire/livewire/src/Features/SupportDisablingBackButtonCache/DisableBackButtonCacheMiddleware.php(19): Illuminate/Pipeline/Pipeline->Illuminate/Pipeline/{closure}(Object(Illuminate/Http/Request))
#58 C:/Documents/Herd/Thesis Monitoring/vendor/laravel/framework/src/Illuminate/Pipeline/Pipeline.php(219): Livewire/Features/SupportDisablingBackButtonCache/DisableBackButtonCacheMiddleware->handle(Object(Illuminate/Http/Request), Object(Closure))
#59 C:/Documents/Herd/Thesis Monitoring/vendor/laravel/framework/src/Illuminate/Foundation/Http/Middleware/ConvertEmptyStringsToNull.php(27): Illuminate/Pipeline/Pipeline->Illuminate/Pipeline/{closure}(Object(Illuminate/Http/Request))
#60 C:/Documents/Herd/Thesis Monitoring/vendor/laravel/framework/src/Illuminate/Pipeline/Pipeline.php(219): Illuminate/Foundation/Http/Middleware/ConvertEmptyStringsToNull->handle(Object(Illuminate/Http/Request), Object(Closure))
#61 C:/Documents/Herd/Thesis Monitoring/vendor/laravel/framework/src/Illuminate/Foundation/Http/Middleware/TrimStrings.php(47): Illuminate/Pipeline/Pipeline->Illuminate/Pipeline/{closure}(Object(Illuminate/Http/Request))
#62 C:/Documents/Herd/Thesis Monitoring/vendor/laravel/framework/src/Illuminate/Pipeline/Pipeline.php(219): Illuminate/Foundation/Http/Middleware/TrimStrings->handle(Object(Illuminate/Http/Request), Object(Closure))
#63 C:/Documents/Herd/Thesis Monitoring/vendor/laravel/framework/src/Illuminate/Http/Middleware/ValidatePostSize.php(27): Illuminate/Pipeline/Pipeline->Illuminate/Pipeline/{closure}(Object(Illuminate/Http/Request))
#64 C:/Documents/Herd/Thesis Monitoring/vendor/laravel/framework/src/Illuminate/Pipeline/Pipeline.php(219): Illuminate/Http/Middleware/ValidatePostSize->handle(Object(Illuminate/Http/Request), Object(Closure))
#65 C:/Documents/Herd/Thesis Monitoring/vendor/laravel/framework/src/Illuminate/Foundation/Http/Middleware/PreventRequestsDuringMaintenance.php(109): Illuminate/Pipeline/Pipeline->Illuminate/Pipeline/{closure}(Object(Illuminate/Http/Request))
#66 C:/Documents/Herd/Thesis Monitoring/vendor/laravel/framework/src/Illuminate/Pipeline/Pipeline.php(219): Illuminate/Foundation/Http/Middleware/PreventRequestsDuringMaintenance->handle(Object(Illuminate/Http/Request), Object(Closure))
#67 C:/Documents/Herd/Thesis Monitoring/vendor/laravel/framework/src/Illuminate/Http/Middleware/HandleCors.php(61): Illuminate/Pipeline/Pipeline->Illuminate/Pipeline/{closure}(Object(Illuminate/Http/Request))
#68 C:/Documents/Herd/Thesis Monitoring/vendor/laravel/framework/src/Illuminate/Pipeline/Pipeline.php(219): Illuminate/Http/Middleware/HandleCors->handle(Object(Illuminate/Http/Request), Object(Closure))
#69 C:/Documents/Herd/Thesis Monitoring/vendor/laravel/framework/src/Illuminate/Http/Middleware/TrustProxies.php(58): Illuminate/Pipeline/Pipeline->Illuminate/Pipeline/{closure}(Object(Illuminate/Http/Request))
#70 C:/Documents/Herd/Thesis Monitoring/vendor/laravel/framework/src/Illuminate/Pipeline/Pipeline.php(219): Illuminate/Http/Middleware/TrustProxies->handle(Object(Illuminate/Http/Request), Object(Closure))
#71 C:/Documents/Herd/Thesis Monitoring/vendor/laravel/framework/src/Illuminate/Foundation/Http/Middleware/InvokeDeferredCallbacks.php(22): Illuminate/Pipeline/Pipeline->Illuminate/Pipeline/{closure}(Object(Illuminate/Http/Request))
#72 C:/Documents/Herd/Thesis Monitoring/vendor/laravel/framework/src/Illuminate/Pipeline/Pipeline.php(219): Illuminate/Foundation/Http/Middleware/InvokeDeferredCallbacks->handle(Object(Illuminate/Http/Request), Object(Closure))
#73 C:/Documents/Herd/Thesis Monitoring/vendor/laravel/framework/src/Illuminate/Http/Middleware/ValidatePathEncoding.php(26): Illuminate/Pipeline/Pipeline->Illuminate/Pipeline/{closure}(Object(Illuminate/Http/Request))
#74 C:/Documents/Herd/Thesis Monitoring/vendor/laravel/framework/src/Illuminate/Pipeline/Pipeline.php(219): Illuminate/Http/Middleware/ValidatePathEncoding->handle(Object(Illuminate/Http/Request), Object(Closure))
#75 C:/Documents/Herd/Thesis Monitoring/vendor/laravel/framework/src/Illuminate/Pipeline/Pipeline.php(137): Illuminate/Pipeline/Pipeline->Illuminate/Pipeline/{closure}(Object(Illuminate/Http/Request))
#76 C:/Documents/Herd/Thesis Monitoring/vendor/laravel/framework/src/Illuminate/Foundation/Http/Kernel.php(175): Illuminate/Pipeline/Pipeline->then(Object(Closure))
#77 C:/Documents/Herd/Thesis Monitoring/vendor/laravel/framework/src/Illuminate/Foundation/Http/Kernel.php(144): Illuminate/Foundation/Http/Kernel->sendRequestThroughRouter(Object(Illuminate/Http/Request))
#78 C:/Documents/Herd/Thesis Monitoring/vendor/laravel/framework/src/Illuminate/Foundation/Application.php(1220): Illuminate/Foundation/Http/Kernel->handle(Object(Illuminate/Http/Request))
#79 C:/Documents/Herd/Thesis Monitoring/public/index.php(20): Illuminate/Foundation/Application->handleRequest(Object(Illuminate/Http/Request))
#80 C:/Documents/Herd/Thesis Monitoring/vendor/laravel/framework/src/Illuminate/Foundation/resources/server.php(23): require_once('C://Documents//He...')
#81 {main}

[previous exception] [object] (PDOException(code: 23000): SQLSTATE[23000]: Integrity constraint violation: 19 UNIQUE constraint failed: users.email at C:/Documents/Herd/Thesis Monitoring/vendor/laravel/framework/src/Illuminate/Database/Connection.php:584)
[stacktrace]
#0 C:/Documents/Herd/Thesis Monitoring/vendor/laravel/framework/src/Illuminate/Database/Connection.php(584): PDOStatement->execute()
#1 C:/Documents/Herd/Thesis Monitoring/vendor/laravel/framework/src/Illuminate/Database/Connection.php(827): Illuminate/Database/Connection->Illuminate/Database/{closure}('insert into \"us...', Array)
#2 C:/Documents/Herd/Thesis Monitoring/vendor/laravel/framework/src/Illuminate/Database/Connection.php(794): Illuminate/Database/Connection->runQueryCallback('insert into \"us...', Array, Object(Closure))
#3 C:/Documents/Herd/Thesis Monitoring/vendor/laravel/framework/src/Illuminate/Database/Connection.php(573): Illuminate/Database/Connection->run('insert into \"us...', Array, Object(Closure))
#4 C:/Documents/Herd/Thesis Monitoring/vendor/laravel/framework/src/Illuminate/Database/Connection.php(537): Illuminate/Database/Connection->statement('insert into \"us...', Array)
#5 C:/Documents/Herd/Thesis Monitoring/vendor/laravel/framework/src/Illuminate/Database/Query/Processors/Processor.php(32): Illuminate/Database/Connection->insert('insert into \"us...', Array)
#6 C:/Documents/Herd/Thesis Monitoring/vendor/laravel/framework/src/Illuminate/Database/Query/Builder.php(4170): Illuminate/Database/Query/Processors/Processor->processInsertGetId(Object(Illuminate/Database/Query/Builder), 'insert into \"us...', Array, 'id')
#7 C:/Documents/Herd/Thesis Monitoring/vendor/laravel/framework/src/Illuminate/Database/Eloquent/Builder.php(2237): Illuminate/Database/Query/Builder->insertGetId(Array, 'id')
#8 C:/Documents/Herd/Thesis Monitoring/vendor/laravel/framework/src/Illuminate/Database/Eloquent/Model.php(1436): Illuminate/Database/Eloquent/Builder->__call('insertGetId', Array)
#9 C:/Documents/Herd/Thesis Monitoring/vendor/laravel/framework/src/Illuminate/Database/Eloquent/Model.php(1401): Illuminate/Database/Eloquent/Model->insertAndSetId(Object(Illuminate/Database/Eloquent/Builder), Array)
#10 C:/Documents/Herd/Thesis Monitoring/vendor/laravel/framework/src/Illuminate/Database/Eloquent/Model.php(1240): Illuminate/Database/Eloquent/Model->performInsert(Object(Illuminate/Database/Eloquent/Builder))
#11 C:/Documents/Herd/Thesis Monitoring/vendor/laravel/framework/src/Illuminate/Database/Eloquent/Builder.php(1219): Illuminate/Database/Eloquent/Model->save()
#12 C:/Documents/Herd/Thesis Monitoring/vendor/laravel/framework/src/Illuminate/Support/helpers.php(393): Illuminate/Database/Eloquent/Builder->Illuminate/Database/Eloquent/{closure}(Object(App/Models/User))
#13 C:/Documents/Herd/Thesis Monitoring/vendor/laravel/framework/src/Illuminate/Database/Eloquent/Builder.php(1218): tap(Object(App/Models/User), Object(Closure))
#14 C:/Documents/Herd/Thesis Monitoring/vendor/laravel/framework/src/Illuminate/Support/Traits/ForwardsCalls.php(23): Illuminate/Database/Eloquent/Builder->create(Array)
#15 C:/Documents/Herd/Thesis Monitoring/vendor/laravel/framework/src/Illuminate/Database/Eloquent/Model.php(2544): Illuminate/Database/Eloquent/Model->forwardCallTo(Object(Illuminate/Database/Eloquent/Builder), 'create', Array)
#16 C:/Documents/Herd/Thesis Monitoring/vendor/laravel/framework/src/Illuminate/Database/Eloquent/Model.php(2560): Illuminate/Database/Eloquent/Model->__call('create', Array)
#17 C:/Documents/Herd/Thesis Monitoring/app/Livewire/StudentRegistrationWizard.php(122): Illuminate/Database/Eloquent/Model::__callStatic('create', Array)
#18 C:/Documents/Herd/Thesis Monitoring/vendor/laravel/framework/src/Illuminate/Database/Concerns/ManagesTransactions.php(35): App/Livewire/StudentRegistrationWizard->App/Livewire/{closure}(Object(Illuminate/Database/SQLiteConnection))
#19 C:/Documents/Herd/Thesis Monitoring/vendor/laravel/framework/src/Illuminate/Database/DatabaseManager.php(491): Illuminate/Database/Connection->transaction(Object(Closure))
#20 C:/Documents/Herd/Thesis Monitoring/vendor/laravel/framework/src/Illuminate/Support/Facades/Facade.php(363): Illuminate/Database/DatabaseManager->__call('transaction', Array)
#21 C:/Documents/Herd/Thesis Monitoring/app/Livewire/StudentRegistrationWizard.php(120): Illuminate/Support/Facades/Facade::__callStatic('transaction', Array)
#22 C:/Documents/Herd/Thesis Monitoring/app/Livewire/StudentRegistrationWizard.php(105): App/Livewire/StudentRegistrationWizard->submitRegistration()
#23 C:/Documents/Herd/Thesis Monitoring/vendor/laravel/framework/src/Illuminate/Container/BoundMethod.php(36): App/Livewire/StudentRegistrationWizard->answerQuestion('no')
#24 C:/Documents/Herd/Thesis Monitoring/vendor/laravel/framework/src/Illuminate/Container/Util.php(43): Illuminate/Container/BoundMethod::Illuminate/Container/{closure}()
#25 C:/Documents/Herd/Thesis Monitoring/vendor/laravel/framework/src/Illuminate/Container/BoundMethod.php(96): Illuminate/Container/Util::unwrapIfClosure(Object(Closure))
#26 C:/Documents/Herd/Thesis Monitoring/vendor/laravel/framework/src/Illuminate/Container/BoundMethod.php(35): Illuminate/Container/BoundMethod::callBoundMethod(Object(Illuminate/Foundation/Application), Array, Object(Closure))
#27 C:/Documents/Herd/Thesis Monitoring/vendor/livewire/livewire/src/Wrapped.php(23): Illuminate/Container/BoundMethod::call(Object(Illuminate/Foundation/Application), Array, Array)
#28 C:/Documents/Herd/Thesis Monitoring/vendor/livewire/livewire/src/Mechanisms/HandleComponents/HandleComponents.php(583): Livewire/Wrapped->__call('answerQuestion', Array)
#29 C:/Documents/Herd/Thesis Monitoring/vendor/livewire/livewire/src/Mechanisms/HandleComponents/HandleComponents.php(224): Livewire/Mechanisms/HandleComponents/HandleComponents->callMethods(Object(App/Livewire/StudentRegistrationWizard), Array, Object(Livewire/Mechanisms/HandleComponents/ComponentContext))
#30 C:/Documents/Herd/Thesis Monitoring/vendor/livewire/livewire/src/LivewireManager.php(132): Livewire/Mechanisms/HandleComponents/HandleComponents->update(Array, Array, Array)
#31 C:/Documents/Herd/Thesis Monitoring/vendor/livewire/livewire/src/Mechanisms/HandleRequests/HandleRequests.php(220): Livewire/LivewireManager->update(Array, Array, Array)
#32 C:/Documents/Herd/Thesis Monitoring/vendor/laravel/framework/src/Illuminate/Routing/ControllerDispatcher.php(46): Livewire/Mechanisms/HandleRequests/HandleRequests->handleUpdate()
#33 C:/Documents/Herd/Thesis Monitoring/vendor/laravel/framework/src/Illuminate/Routing/Route.php(265): Illuminate/Routing/ControllerDispatcher->dispatch(Object(Illuminate/Routing/Route), Object(Livewire/Mechanisms/HandleRequests/HandleRequests), 'handleUpdate')
#34 C:/Documents/Herd/Thesis Monitoring/vendor/laravel/framework/src/Illuminate/Routing/Route.php(211): Illuminate/Routing/Route->runController()
#35 C:/Documents/Herd/Thesis Monitoring/vendor/laravel/framework/src/Illuminate/Routing/Router.php(822): Illuminate/Routing/Route->run()
#36 C:/Documents/Herd/Thesis Monitoring/vendor/laravel/framework/src/Illuminate/Pipeline/Pipeline.php(180): Illuminate/Routing/Router->Illuminate/Routing/{closure}(Object(Illuminate/Http/Request))
#37 C:/Documents/Herd/Thesis Monitoring/vendor/livewire/livewire/src/Mechanisms/HandleRequests/RequireLivewireHeaders.php(19): Illuminate/Pipeline/Pipeline->Illuminate/Pipeline/{closure}(Object(Illuminate/Http/Request))
#38 C:/Documents/Herd/Thesis Monitoring/vendor/laravel/framework/src/Illuminate/Pipeline/Pipeline.php(219): Livewire/Mechanisms/HandleRequests/RequireLivewireHeaders->handle(Object(Illuminate/Http/Request), Object(Closure))
#39 C:/Documents/Herd/Thesis Monitoring/vendor/laravel/framework/src/Illuminate/Routing/Middleware/SubstituteBindings.php(50): Illuminate/Pipeline/Pipeline->Illuminate/Pipeline/{closure}(Object(Illuminate/Http/Request))
#40 C:/Documents/Herd/Thesis Monitoring/vendor/laravel/framework/src/Illuminate/Pipeline/Pipeline.php(219): Illuminate/Routing/Middleware/SubstituteBindings->handle(Object(Illuminate/Http/Request), Object(Closure))
#41 C:/Documents/Herd/Thesis Monitoring/vendor/laravel/framework/src/Illuminate/Foundation/Http/Middleware/VerifyCsrfToken.php(87): Illuminate/Pipeline/Pipeline->Illuminate/Pipeline/{closure}(Object(Illuminate/Http/Request))
#42 C:/Documents/Herd/Thesis Monitoring/vendor/laravel/framework/src/Illuminate/Pipeline/Pipeline.php(219): Illuminate/Foundation/Http/Middleware/VerifyCsrfToken->handle(Object(Illuminate/Http/Request), Object(Closure))
#43 C:/Documents/Herd/Thesis Monitoring/vendor/laravel/framework/src/Illuminate/View/Middleware/ShareErrorsFromSession.php(48): Illuminate/Pipeline/Pipeline->Illuminate/Pipeline/{closure}(Object(Illuminate/Http/Request))
#44 C:/Documents/Herd/Thesis Monitoring/vendor/laravel/framework/src/Illuminate/Pipeline/Pipeline.php(219): Illuminate/View/Middleware/ShareErrorsFromSession->handle(Object(Illuminate/Http/Request), Object(Closure))
#45 C:/Documents/Herd/Thesis Monitoring/vendor/laravel/framework/src/Illuminate/Session/Middleware/StartSession.php(120): Illuminate/Pipeline/Pipeline->Illuminate/Pipeline/{closure}(Object(Illuminate/Http/Request))
#46 C:/Documents/Herd/Thesis Monitoring/vendor/laravel/framework/src/Illuminate/Session/Middleware/StartSession.php(63): Illuminate/Session/Middleware/StartSession->handleStatefulRequest(Object(Illuminate/Http/Request), Object(Illuminate/Session/Store), Object(Closure))
#47 C:/Documents/Herd/Thesis Monitoring/vendor/laravel/framework/src/Illuminate/Pipeline/Pipeline.php(219): Illuminate/Session/Middleware/StartSession->handle(Object(Illuminate/Http/Request), Object(Closure))
#48 C:/Documents/Herd/Thesis Monitoring/vendor/laravel/framework/src/Illuminate/Cookie/Middleware/AddQueuedCookiesToResponse.php(36): Illuminate/Pipeline/Pipeline->Illuminate/Pipeline/{closure}(Object(Illuminate/Http/Request))
#49 C:/Documents/Herd/Thesis Monitoring/vendor/laravel/framework/src/Illuminate/Pipeline/Pipeline.php(219): Illuminate/Cookie/Middleware/AddQueuedCookiesToResponse->handle(Object(Illuminate/Http/Request), Object(Closure))
#50 C:/Documents/Herd/Thesis Monitoring/vendor/laravel/framework/src/Illuminate/Cookie/Middleware/EncryptCookies.php(74): Illuminate/Pipeline/Pipeline->Illuminate/Pipeline/{closure}(Object(Illuminate/Http/Request))
#51 C:/Documents/Herd/Thesis Monitoring/vendor/laravel/framework/src/Illuminate/Pipeline/Pipeline.php(219): Illuminate/Cookie/Middleware/EncryptCookies->handle(Object(Illuminate/Http/Request), Object(Closure))
#52 C:/Documents/Herd/Thesis Monitoring/vendor/laravel/framework/src/Illuminate/Pipeline/Pipeline.php(137): Illuminate/Pipeline/Pipeline->Illuminate/Pipeline/{closure}(Object(Illuminate/Http/Request))
#53 C:/Documents/Herd/Thesis Monitoring/vendor/laravel/framework/src/Illuminate/Routing/Router.php(821): Illuminate/Pipeline/Pipeline->then(Object(Closure))
#54 C:/Documents/Herd/Thesis Monitoring/vendor/laravel/framework/src/Illuminate/Routing/Router.php(800): Illuminate/Routing/Router->runRouteWithinStack(Object(Illuminate/Routing/Route), Object(Illuminate/Http/Request))
#55 C:/Documents/Herd/Thesis Monitoring/vendor/laravel/framework/src/Illuminate/Routing/Router.php(764): Illuminate/Routing/Router->runRoute(Object(Illuminate/Http/Request), Object(Illuminate/Routing/Route))
#56 C:/Documents/Herd/Thesis Monitoring/vendor/laravel/framework/src/Illuminate/Routing/Router.php(753): Illuminate/Routing/Router->dispatchToRoute(Object(Illuminate/Http/Request))
#57 C:/Documents/Herd/Thesis Monitoring/vendor/laravel/framework/src/Illuminate/Foundation/Http/Kernel.php(200): Illuminate/Routing/Router->dispatch(Object(Illuminate/Http/Request))
#58 C:/Documents/Herd/Thesis Monitoring/vendor/laravel/framework/src/Illuminate/Pipeline/Pipeline.php(180): Illuminate/Foundation/Http/Kernel->Illuminate/Foundation/Http/{closure}(Object(Illuminate/Http/Request))
#59 C:/Documents/Herd/Thesis Monitoring/vendor/livewire/livewire/src/Features/SupportDisablingBackButtonCache/DisableBackButtonCacheMiddleware.php(19): Illuminate/Pipeline/Pipeline->Illuminate/Pipeline/{closure}(Object(Illuminate/Http/Request))
#60 C:/Documents/Herd/Thesis Monitoring/vendor/laravel/framework/src/Illuminate/Pipeline/Pipeline.php(219): Livewire/Features/SupportDisablingBackButtonCache/DisableBackButtonCacheMiddleware->handle(Object(Illuminate/Http/Request), Object(Closure))
#61 C:/Documents/Herd/Thesis Monitoring/vendor/laravel/framework/src/Illuminate/Foundation/Http/Middleware/ConvertEmptyStringsToNull.php(27): Illuminate/Pipeline/Pipeline->Illuminate/Pipeline/{closure}(Object(Illuminate/Http/Request))
#62 C:/Documents/Herd/Thesis Monitoring/vendor/laravel/framework/src/Illuminate/Pipeline/Pipeline.php(219): Illuminate/Foundation/Http/Middleware/ConvertEmptyStringsToNull->handle(Object(Illuminate/Http/Request), Object(Closure))
#63 C:/Documents/Herd/Thesis Monitoring/vendor/laravel/framework/src/Illuminate/Foundation/Http/Middleware/TrimStrings.php(47): Illuminate/Pipeline/Pipeline->Illuminate/Pipeline/{closure}(Object(Illuminate/Http/Request))
#64 C:/Documents/Herd/Thesis Monitoring/vendor/laravel/framework/src/Illuminate/Pipeline/Pipeline.php(219): Illuminate/Foundation/Http/Middleware/TrimStrings->handle(Object(Illuminate/Http/Request), Object(Closure))
#65 C:/Documents/Herd/Thesis Monitoring/vendor/laravel/framework/src/Illuminate/Http/Middleware/ValidatePostSize.php(27): Illuminate/Pipeline/Pipeline->Illuminate/Pipeline/{closure}(Object(Illuminate/Http/Request))
#66 C:/Documents/Herd/Thesis Monitoring/vendor/laravel/framework/src/Illuminate/Pipeline/Pipeline.php(219): Illuminate/Http/Middleware/ValidatePostSize->handle(Object(Illuminate/Http/Request), Object(Closure))
#67 C:/Documents/Herd/Thesis Monitoring/vendor/laravel/framework/src/Illuminate/Foundation/Http/Middleware/PreventRequestsDuringMaintenance.php(109): Illuminate/Pipeline/Pipeline->Illuminate/Pipeline/{closure}(Object(Illuminate/Http/Request))
#68 C:/Documents/Herd/Thesis Monitoring/vendor/laravel/framework/src/Illuminate/Pipeline/Pipeline.php(219): Illuminate/Foundation/Http/Middleware/PreventRequestsDuringMaintenance->handle(Object(Illuminate/Http/Request), Object(Closure))
#69 C:/Documents/Herd/Thesis Monitoring/vendor/laravel/framework/src/Illuminate/Http/Middleware/HandleCors.php(61): Illuminate/Pipeline/Pipeline->Illuminate/Pipeline/{closure}(Object(Illuminate/Http/Request))
#70 C:/Documents/Herd/Thesis Monitoring/vendor/laravel/framework/src/Illuminate/Pipeline/Pipeline.php(219): Illuminate/Http/Middleware/HandleCors->handle(Object(Illuminate/Http/Request), Object(Closure))
#71 C:/Documents/Herd/Thesis Monitoring/vendor/laravel/framework/src/Illuminate/Http/Middleware/TrustProxies.php(58): Illuminate/Pipeline/Pipeline->Illuminate/Pipeline/{closure}(Object(Illuminate/Http/Request))
#72 C:/Documents/Herd/Thesis Monitoring/vendor/laravel/framework/src/Illuminate/Pipeline/Pipeline.php(219): Illuminate/Http/Middleware/TrustProxies->handle(Object(Illuminate/Http/Request), Object(Closure))
#73 C:/Documents/Herd/Thesis Monitoring/vendor/laravel/framework/src/Illuminate/Foundation/Http/Middleware/InvokeDeferredCallbacks.php(22): Illuminate/Pipeline/Pipeline->Illuminate/Pipeline/{closure}(Object(Illuminate/Http/Request))
#74 C:/Documents/Herd/Thesis Monitoring/vendor/laravel/framework/src/Illuminate/Pipeline/Pipeline.php(219): Illuminate/Foundation/Http/Middleware/InvokeDeferredCallbacks->handle(Object(Illuminate/Http/Request), Object(Closure))
#75 C:/Documents/Herd/Thesis Monitoring/vendor/laravel/framework/src/Illuminate/Http/Middleware/ValidatePathEncoding.php(26): Illuminate/Pipeline/Pipeline->Illuminate/Pipeline/{closure}(Object(Illuminate/Http/Request))
#76 C:/Documents/Herd/Thesis Monitoring/vendor/laravel/framework/src/Illuminate/Pipeline/Pipeline.php(219): Illuminate/Http/Middleware/ValidatePathEncoding->handle(Object(Illuminate/Http/Request), Object(Closure))
#77 C:/Documents/Herd/Thesis Monitoring/vendor/laravel/framework/src/Illuminate/Pipeline/Pipeline.php(137): Illuminate/Pipeline/Pipeline->Illuminate/Pipeline/{closure}(Object(Illuminate/Http/Request))
#78 C:/Documents/Herd/Thesis Monitoring/vendor/laravel/framework/src/Illuminate/Foundation/Http/Kernel.php(175): Illuminate/Pipeline/Pipeline->then(Object(Closure))
#79 C:/Documents/Herd/Thesis Monitoring/vendor/laravel/framework/src/Illuminate/Foundation/Http/Kernel.php(144): Illuminate/Foundation/Http/Kernel->sendRequestThroughRouter(Object(Illuminate/Http/Request))
#80 C:/Documents/Herd/Thesis Monitoring/vendor/laravel/framework/src/Illuminate/Foundation/Application.php(1220): Illuminate/Foundation/Http/Kernel->handle(Object(Illuminate/Http/Request))
#81 C:/Documents/Herd/Thesis Monitoring/public/index.php(20): Illuminate/Foundation/Application->handleRequest(Object(Illuminate/Http/Request))
#82 C:/Documents/Herd/Thesis Monitoring/vendor/laravel/framework/src/Illuminate/Foundation/resources/server.php(23): require_once('C://Documents//He...')
#83 {main}
"} 
[2026-09-22 13:27:52] local.ERROR: Unable to call component method. Public method [goBack] not found on component {"exception":"[object] (Livewire\\Exceptions\\MethodNotFoundException(code: 0): Unable to call component method. Public method [goBack] not found on component at C:/Documents/Herd/Thesis Monitoring/vendor/livewire/livewire/src/Mechanisms/HandleComponents/HandleComponents.php:579)
[stacktrace]
#0 C:/Documents/Herd/Thesis Monitoring/vendor/livewire/livewire/src/Mechanisms/HandleComponents/HandleComponents.php(224): Livewire/Mechanisms/HandleComponents/HandleComponents->callMethods(Object(App/Livewire/StudentRegistrationWizard), Array, Object(Livewire/Mechanisms/HandleComponents/ComponentContext))
#1 C:/Documents/Herd/Thesis Monitoring/vendor/livewire/livewire/src/LivewireManager.php(132): Livewire/Mechanisms/HandleComponents/HandleComponents->update(Array, Array, Array)
#2 C:/Documents/Herd/Thesis Monitoring/vendor/livewire/livewire/src/Mechanisms/HandleRequests/HandleRequests.php(220): Livewire/LivewireManager->update(Array, Array, Array)
#3 C:/Documents/Herd/Thesis Monitoring/vendor/laravel/framework/src/Illuminate/Routing/ControllerDispatcher.php(46): Livewire/Mechanisms/HandleRequests/HandleRequests->handleUpdate()
#4 C:/Documents/Herd/Thesis Monitoring/vendor/laravel/framework/src/Illuminate/Routing/Route.php(265): Illuminate/Routing/ControllerDispatcher->dispatch(Object(Illuminate/Routing/Route), Object(Livewire/Mechanisms/HandleRequests/HandleRequests), 'handleUpdate')
#5 C:/Documents/Herd/Thesis Monitoring/vendor/laravel/framework/src/Illuminate/Routing/Route.php(211): Illuminate/Routing/Route->runController()
#6 C:/Documents/Herd/Thesis Monitoring/vendor/laravel/framework/src/Illuminate/Routing/Router.php(822): Illuminate/Routing/Route->run()
#7 C:/Documents/Herd/Thesis Monitoring/vendor/laravel/framework/src/Illuminate/Pipeline/Pipeline.php(180): Illuminate/Routing/Router->Illuminate/Routing/{closure}(Object(Illuminate/Http/Request))
#8 C:/Documents/Herd/Thesis Monitoring/vendor/livewire/livewire/src/Mechanisms/HandleRequests/RequireLivewireHeaders.php(19): Illuminate/Pipeline/Pipeline->Illuminate/Pipeline/{closure}(Object(Illuminate/Http/Request))
#9 C:/Documents/Herd/Thesis Monitoring/vendor/laravel/framework/src/Illuminate/Pipeline/Pipeline.php(219): Livewire/Mechanisms/HandleRequests/RequireLivewireHeaders->handle(Object(Illuminate/Http/Request), Object(Closure))
#10 C:/Documents/Herd/Thesis Monitoring/vendor/laravel/framework/src/Illuminate/Routing/Middleware/SubstituteBindings.php(50): Illuminate/Pipeline/Pipeline->Illuminate/Pipeline/{closure}(Object(Illuminate/Http/Request))
#11 C:/Documents/Herd/Thesis Monitoring/vendor/laravel/framework/src/Illuminate/Pipeline/Pipeline.php(219): Illuminate/Routing/Middleware/SubstituteBindings->handle(Object(Illuminate/Http/Request), Object(Closure))
#12 C:/Documents/Herd/Thesis Monitoring/vendor/laravel/framework/src/Illuminate/Foundation/Http/Middleware/VerifyCsrfToken.php(87): Illuminate/Pipeline/Pipeline->Illuminate/Pipeline/{closure}(Object(Illuminate/Http/Request))
#13 C:/Documents/Herd/Thesis Monitoring/vendor/laravel/framework/src/Illuminate/Pipeline/Pipeline.php(219): Illuminate/Foundation/Http/Middleware/VerifyCsrfToken->handle(Object(Illuminate/Http/Request), Object(Closure))
#14 C:/Documents/Herd/Thesis Monitoring/vendor/laravel/framework/src/Illuminate/View/Middleware/ShareErrorsFromSession.php(48): Illuminate/Pipeline/Pipeline->Illuminate/Pipeline/{closure}(Object(Illuminate/Http/Request))
#15 C:/Documents/Herd/Thesis Monitoring/vendor/laravel/framework/src/Illuminate/Pipeline/Pipeline.php(219): Illuminate/View/Middleware/ShareErrorsFromSession->handle(Object(Illuminate/Http/Request), Object(Closure))
#16 C:/Documents/Herd/Thesis Monitoring/vendor/laravel/framework/src/Illuminate/Session/Middleware/StartSession.php(120): Illuminate/Pipeline/Pipeline->Illuminate/Pipeline/{closure}(Object(Illuminate/Http/Request))
#17 C:/Documents/Herd/Thesis Monitoring/vendor/laravel/framework/src/Illuminate/Session/Middleware/StartSession.php(63): Illuminate/Session/Middleware/StartSession->handleStatefulRequest(Object(Illuminate/Http/Request), Object(Illuminate/Session/Store), Object(Closure))
#18 C:/Documents/Herd/Thesis Monitoring/vendor/laravel/framework/src/Illuminate/Pipeline/Pipeline.php(219): Illuminate/Session/Middleware/StartSession->handle(Object(Illuminate/Http/Request), Object(Closure))
#19 C:/Documents/Herd/Thesis Monitoring/vendor/laravel/framework/src/Illuminate/Cookie/Middleware/AddQueuedCookiesToResponse.php(36): Illuminate/Pipeline/Pipeline->Illuminate/Pipeline/{closure}(Object(Illuminate/Http/Request))
#20 C:/Documents/Herd/Thesis Monitoring/vendor/laravel/framework/src/Illuminate/Pipeline/Pipeline.php(219): Illuminate/Cookie/Middleware/AddQueuedCookiesToResponse->handle(Object(Illuminate/Http/Request), Object(Closure))
#21 C:/Documents/Herd/Thesis Monitoring/vendor/laravel/framework/src/Illuminate/Cookie/Middleware/EncryptCookies.php(74): Illuminate/Pipeline/Pipeline->Illuminate/Pipeline/{closure}(Object(Illuminate/Http/Request))
#22 C:/Documents/Herd/Thesis Monitoring/vendor/laravel/framework/src/Illuminate/Pipeline/Pipeline.php(219): Illuminate/Cookie/Middleware/EncryptCookies->handle(Object(Illuminate/Http/Request), Object(Closure))
#23 C:/Documents/Herd/Thesis Monitoring/vendor/laravel/framework/src/Illuminate/Pipeline/Pipeline.php(137): Illuminate/Pipeline/Pipeline->Illuminate/Pipeline/{closure}(Object(Illuminate/Http/Request))
#24 C:/Documents/Herd/Thesis Monitoring/vendor/laravel/framework/src/Illuminate/Routing/Router.php(821): Illuminate/Pipeline/Pipeline->then(Object(Closure))
#25 C:/Documents/Herd/Thesis Monitoring/vendor/laravel/framework/src/Illuminate/Routing/Router.php(800): Illuminate/Routing/Router->runRouteWithinStack(Object(Illuminate/Routing/Route), Object(Illuminate/Http/Request))
#26 C:/Documents/Herd/Thesis Monitoring/vendor/laravel/framework/src/Illuminate/Routing/Router.php(764): Illuminate/Routing/Router->runRoute(Object(Illuminate/Http/Request), Object(Illuminate/Routing/Route))
#27 C:/Documents/Herd/Thesis Monitoring/vendor/laravel/framework/src/Illuminate/Routing/Router.php(753): Illuminate/Routing/Router->dispatchToRoute(Object(Illuminate/Http/Request))
#28 C:/Documents/Herd/Thesis Monitoring/vendor/laravel/framework/src/Illuminate/Foundation/Http/Kernel.php(200): Illuminate/Routing/Router->dispatch(Object(Illuminate/Http/Request))
#29 C:/Documents/Herd/Thesis Monitoring/vendor/laravel/framework/src/Illuminate/Pipeline/Pipeline.php(180): Illuminate/Foundation/Http/Kernel->Illuminate/Foundation/Http/{closure}(Object(Illuminate/Http/Request))
#30 C:/Documents/Herd/Thesis Monitoring/vendor/livewire/livewire/src/Features/SupportDisablingBackButtonCache/DisableBackButtonCacheMiddleware.php(19): Illuminate/Pipeline/Pipeline->Illuminate/Pipeline/{closure}(Object(Illuminate/Http/Request))
#31 C:/Documents/Herd/Thesis Monitoring/vendor/laravel/framework/src/Illuminate/Pipeline/Pipeline.php(219): Livewire/Features/SupportDisablingBackButtonCache/DisableBackButtonCacheMiddleware->handle(Object(Illuminate/Http/Request), Object(Closure))
#32 C:/Documents/Herd/Thesis Monitoring/vendor/laravel/framework/src/Illuminate/Foundation/Http/Middleware/ConvertEmptyStringsToNull.php(27): Illuminate/Pipeline/Pipeline->Illuminate/Pipeline/{closure}(Object(Illuminate/Http/Request))
#33 C:/Documents/Herd/Thesis Monitoring/vendor/laravel/framework/src/Illuminate/Pipeline/Pipeline.php(219): Illuminate/Foundation/Http/Middleware/ConvertEmptyStringsToNull->handle(Object(Illuminate/Http/Request), Object(Closure))
#34 C:/Documents/Herd/Thesis Monitoring/vendor/laravel/framework/src/Illuminate/Foundation/Http/Middleware/TrimStrings.php(47): Illuminate/Pipeline/Pipeline->Illuminate/Pipeline/{closure}(Object(Illuminate/Http/Request))
#35 C:/Documents/Herd/Thesis Monitoring/vendor/laravel/framework/src/Illuminate/Pipeline/Pipeline.php(219): Illuminate/Foundation/Http/Middleware/TrimStrings->handle(Object(Illuminate/Http/Request), Object(Closure))
#36 C:/Documents/Herd/Thesis Monitoring/vendor/laravel/framework/src/Illuminate/Http/Middleware/ValidatePostSize.php(27): Illuminate/Pipeline/Pipeline->Illuminate/Pipeline/{closure}(Object(Illuminate/Http/Request))
#37 C:/Documents/Herd/Thesis Monitoring/vendor/laravel/framework/src/Illuminate/Pipeline/Pipeline.php(219): Illuminate/Http/Middleware/ValidatePostSize->handle(Object(Illuminate/Http/Request), Object(Closure))
#38 C:/Documents/Herd/Thesis Monitoring/vendor/laravel/framework/src/Illuminate/Foundation/Http/Middleware/PreventRequestsDuringMaintenance.php(109): Illuminate/Pipeline/Pipeline->Illuminate/Pipeline/{closure}(Object(Illuminate/Http/Request))
#39 C:/Documents/Herd/Thesis Monitoring/vendor/laravel/framework/src/Illuminate/Pipeline/Pipeline.php(219): Illuminate/Foundation/Http/Middleware/PreventRequestsDuringMaintenance->handle(Object(Illuminate/Http/Request), Object(Closure))
#40 C:/Documents/Herd/Thesis Monitoring/vendor/laravel/framework/src/Illuminate/Http/Middleware/HandleCors.php(61): Illuminate/Pipeline/Pipeline->Illuminate/Pipeline/{closure}(Object(Illuminate/Http/Request))
#41 C:/Documents/Herd/Thesis Monitoring/vendor/laravel/framework/src/Illuminate/Pipeline/Pipeline.php(219): Illuminate/Http/Middleware/HandleCors->handle(Object(Illuminate/Http/Request), Object(Closure))
#42 C:/Documents/Herd/Thesis Monitoring/vendor/laravel/framework/src/Illuminate/Http/Middleware/TrustProxies.php(58): Illuminate/Pipeline/Pipeline->Illuminate/Pipeline/{closure}(Object(Illuminate/Http/Request))
#43 C:/Documents/Herd/Thesis Monitoring/vendor/laravel/framework/src/Illuminate/Pipeline/Pipeline.php(219): Illuminate/Http/Middleware/TrustProxies->handle(Object(Illuminate/Http/Request), Object(Closure))
#44 C:/Documents/Herd/Thesis Monitoring/vendor/laravel/framework/src/Illuminate/Foundation/Http/Middleware/InvokeDeferredCallbacks.php(22): Illuminate/Pipeline/Pipeline->Illuminate/Pipeline/{closure}(Object(Illuminate/Http/Request))
#45 C:/Documents/Herd/Thesis Monitoring/vendor/laravel/framework/src/Illuminate/Pipeline/Pipeline.php(219): Illuminate/Foundation/Http/Middleware/InvokeDeferredCallbacks->handle(Object(Illuminate/Http/Request), Object(Closure))
#46 C:/Documents/Herd/Thesis Monitoring/vendor/laravel/framework/src/Illuminate/Http/Middleware/ValidatePathEncoding.php(26): Illuminate/Pipeline/Pipeline->Illuminate/Pipeline/{closure}(Object(Illuminate/Http/Request))
#47 C:/Documents/Herd/Thesis Monitoring/vendor/laravel/framework/src/Illuminate/Pipeline/Pipeline.php(219): Illuminate/Http/Middleware/ValidatePathEncoding->handle(Object(Illuminate/Http/Request), Object(Closure))
#48 C:/Documents/Herd/Thesis Monitoring/vendor/laravel/framework/src/Illuminate/Pipeline/Pipeline.php(137): Illuminate/Pipeline/Pipeline->Illuminate/Pipeline/{closure}(Object(Illuminate/Http/Request))
#49 C:/Documents/Herd/Thesis Monitoring/vendor/laravel/framework/src/Illuminate/Foundation/Http/Kernel.php(175): Illuminate/Pipeline/Pipeline->then(Object(Closure))
#50 C:/Documents/Herd/Thesis Monitoring/vendor/laravel/framework/src/Illuminate/Foundation/Http/Kernel.php(144): Illuminate/Foundation/Http/Kernel->sendRequestThroughRouter(Object(Illuminate/Http/Request))
#51 C:/Documents/Herd/Thesis Monitoring/vendor/laravel/framework/src/Illuminate/Foundation/Application.php(1220): Illuminate/Foundation/Http/Kernel->handle(Object(Illuminate/Http/Request))
#52 C:/Documents/Herd/Thesis Monitoring/public/index.php(20): Illuminate/Foundation/Application->handleRequest(Object(Illuminate/Http/Request))
#53 C:/Documents/Herd/Thesis Monitoring/vendor/laravel/framework/src/Illuminate/Foundation/resources/server.php(23): require_once('C://Documents//He...')
#54 {main}
"} 
[2026-09-22 13:28:07] local.ERROR: Unable to call component method. Public method [goBack] not found on component {"exception":"[object] (Livewire\\Exceptions\\MethodNotFoundException(code: 0): Unable to call component method. Public method [goBack] not found on component at C:/Documents/Herd/Thesis Monitoring/vendor/livewire/livewire/src/Mechanisms/HandleComponents/HandleComponents.php:579)
[stacktrace]
#0 C:/Documents/Herd/Thesis Monitoring/vendor/livewire/livewire/src/Mechanisms/HandleComponents/HandleComponents.php(224): Livewire/Mechanisms/HandleComponents/HandleComponents->callMethods(Object(App/Livewire/StudentRegistrationWizard), Array, Object(Livewire/Mechanisms/HandleComponents/ComponentContext))
#1 C:/Documents/Herd/Thesis Monitoring/vendor/livewire/livewire/src/LivewireManager.php(132): Livewire/Mechanisms/HandleComponents/HandleComponents->update(Array, Array, Array)
#2 C:/Documents/Herd/Thesis Monitoring/vendor/livewire/livewire/src/Mechanisms/HandleRequests/HandleRequests.php(220): Livewire/LivewireManager->update(Array, Array, Array)
#3 C:/Documents/Herd/Thesis Monitoring/vendor/laravel/framework/src/Illuminate/Routing/ControllerDispatcher.php(46): Livewire/Mechanisms/HandleRequests/HandleRequests->handleUpdate()
#4 C:/Documents/Herd/Thesis Monitoring/vendor/laravel/framework/src/Illuminate/Routing/Route.php(265): Illuminate/Routing/ControllerDispatcher->dispatch(Object(Illuminate/Routing/Route), Object(Livewire/Mechanisms/HandleRequests/HandleRequests), 'handleUpdate')
#5 C:/Documents/Herd/Thesis Monitoring/vendor/laravel/framework/src/Illuminate/Routing/Route.php(211): Illuminate/Routing/Route->runController()
#6 C:/Documents/Herd/Thesis Monitoring/vendor/laravel/framework/src/Illuminate/Routing/Router.php(822): Illuminate/Routing/Route->run()
#7 C:/Documents/Herd/Thesis Monitoring/vendor/laravel/framework/src/Illuminate/Pipeline/Pipeline.php(180): Illuminate/Routing/Router->Illuminate/Routing/{closure}(Object(Illuminate/Http/Request))
#8 C:/Documents/Herd/Thesis Monitoring/vendor/livewire/livewire/src/Mechanisms/HandleRequests/RequireLivewireHeaders.php(19): Illuminate/Pipeline/Pipeline->Illuminate/Pipeline/{closure}(Object(Illuminate/Http/Request))
#9 C:/Documents/Herd/Thesis Monitoring/vendor/laravel/framework/src/Illuminate/Pipeline/Pipeline.php(219): Livewire/Mechanisms/HandleRequests/RequireLivewireHeaders->handle(Object(Illuminate/Http/Request), Object(Closure))
#10 C:/Documents/Herd/Thesis Monitoring/vendor/laravel/framework/src/Illuminate/Routing/Middleware/SubstituteBindings.php(50): Illuminate/Pipeline/Pipeline->Illuminate/Pipeline/{closure}(Object(Illuminate/Http/Request))
#11 C:/Documents/Herd/Thesis Monitoring/vendor/laravel/framework/src/Illuminate/Pipeline/Pipeline.php(219): Illuminate/Routing/Middleware/SubstituteBindings->handle(Object(Illuminate/Http/Request), Object(Closure))
#12 C:/Documents/Herd/Thesis Monitoring/vendor/laravel/framework/src/Illuminate/Foundation/Http/Middleware/VerifyCsrfToken.php(87): Illuminate/Pipeline/Pipeline->Illuminate/Pipeline/{closure}(Object(Illuminate/Http/Request))
#13 C:/Documents/Herd/Thesis Monitoring/vendor/laravel/framework/src/Illuminate/Pipeline/Pipeline.php(219): Illuminate/Foundation/Http/Middleware/VerifyCsrfToken->handle(Object(Illuminate/Http/Request), Object(Closure))
#14 C:/Documents/Herd/Thesis Monitoring/vendor/laravel/framework/src/Illuminate/View/Middleware/ShareErrorsFromSession.php(48): Illuminate/Pipeline/Pipeline->Illuminate/Pipeline/{closure}(Object(Illuminate/Http/Request))
#15 C:/Documents/Herd/Thesis Monitoring/vendor/laravel/framework/src/Illuminate/Pipeline/Pipeline.php(219): Illuminate/View/Middleware/ShareErrorsFromSession->handle(Object(Illuminate/Http/Request), Object(Closure))
#16 C:/Documents/Herd/Thesis Monitoring/vendor/laravel/framework/src/Illuminate/Session/Middleware/StartSession.php(120): Illuminate/Pipeline/Pipeline->Illuminate/Pipeline/{closure}(Object(Illuminate/Http/Request))
#17 C:/Documents/Herd/Thesis Monitoring/vendor/laravel/framework/src/Illuminate/Session/Middleware/StartSession.php(63): Illuminate/Session/Middleware/StartSession->handleStatefulRequest(Object(Illuminate/Http/Request), Object(Illuminate/Session/Store), Object(Closure))
#18 C:/Documents/Herd/Thesis Monitoring/vendor/laravel/framework/src/Illuminate/Pipeline/Pipeline.php(219): Illuminate/Session/Middleware/StartSession->handle(Object(Illuminate/Http/Request), Object(Closure))
#19 C:/Documents/Herd/Thesis Monitoring/vendor/laravel/framework/src/Illuminate/Cookie/Middleware/AddQueuedCookiesToResponse.php(36): Illuminate/Pipeline/Pipeline->Illuminate/Pipeline/{closure}(Object(Illuminate/Http/Request))
#20 C:/Documents/Herd/Thesis Monitoring/vendor/laravel/framework/src/Illuminate/Pipeline/Pipeline.php(219): Illuminate/Cookie/Middleware/AddQueuedCookiesToResponse->handle(Object(Illuminate/Http/Request), Object(Closure))
#21 C:/Documents/Herd/Thesis Monitoring/vendor/laravel/framework/src/Illuminate/Cookie/Middleware/EncryptCookies.php(74): Illuminate/Pipeline/Pipeline->Illuminate/Pipeline/{closure}(Object(Illuminate/Http/Request))
#22 C:/Documents/Herd/Thesis Monitoring/vendor/laravel/framework/src/Illuminate/Pipeline/Pipeline.php(219): Illuminate/Cookie/Middleware/EncryptCookies->handle(Object(Illuminate/Http/Request), Object(Closure))
#23 C:/Documents/Herd/Thesis Monitoring/vendor/laravel/framework/src/Illuminate/Pipeline/Pipeline.php(137): Illuminate/Pipeline/Pipeline->Illuminate/Pipeline/{closure}(Object(Illuminate/Http/Request))
#24 C:/Documents/Herd/Thesis Monitoring/vendor/laravel/framework/src/Illuminate/Routing/Router.php(821): Illuminate/Pipeline/Pipeline->then(Object(Closure))
#25 C:/Documents/Herd/Thesis Monitoring/vendor/laravel/framework/src/Illuminate/Routing/Router.php(800): Illuminate/Routing/Router->runRouteWithinStack(Object(Illuminate/Routing/Route), Object(Illuminate/Http/Request))
#26 C:/Documents/Herd/Thesis Monitoring/vendor/laravel/framework/src/Illuminate/Routing/Router.php(764): Illuminate/Routing/Router->runRoute(Object(Illuminate/Http/Request), Object(Illuminate/Routing/Route))
#27 C:/Documents/Herd/Thesis Monitoring/vendor/laravel/framework/src/Illuminate/Routing/Router.php(753): Illuminate/Routing/Router->dispatchToRoute(Object(Illuminate/Http/Request))
#28 C:/Documents/Herd/Thesis Monitoring/vendor/laravel/framework/src/Illuminate/Foundation/Http/Kernel.php(200): Illuminate/Routing/Router->dispatch(Object(Illuminate/Http/Request))
#29 C:/Documents/Herd/Thesis Monitoring/vendor/laravel/framework/src/Illuminate/Pipeline/Pipeline.php(180): Illuminate/Foundation/Http/Kernel->Illuminate/Foundation/Http/{closure}(Object(Illuminate/Http/Request))
#30 C:/Documents/Herd/Thesis Monitoring/vendor/livewire/livewire/src/Features/SupportDisablingBackButtonCache/DisableBackButtonCacheMiddleware.php(19): Illuminate/Pipeline/Pipeline->Illuminate/Pipeline/{closure}(Object(Illuminate/Http/Request))
#31 C:/Documents/Herd/Thesis Monitoring/vendor/laravel/framework/src/Illuminate/Pipeline/Pipeline.php(219): Livewire/Features/SupportDisablingBackButtonCache/DisableBackButtonCacheMiddleware->handle(Object(Illuminate/Http/Request), Object(Closure))
#32 C:/Documents/Herd/Thesis Monitoring/vendor/laravel/framework/src/Illuminate/Foundation/Http/Middleware/ConvertEmptyStringsToNull.php(27): Illuminate/Pipeline/Pipeline->Illuminate/Pipeline/{closure}(Object(Illuminate/Http/Request))
#33 C:/Documents/Herd/Thesis Monitoring/vendor/laravel/framework/src/Illuminate/Pipeline/Pipeline.php(219): Illuminate/Foundation/Http/Middleware/ConvertEmptyStringsToNull->handle(Object(Illuminate/Http/Request), Object(Closure))
#34 C:/Documents/Herd/Thesis Monitoring/vendor/laravel/framework/src/Illuminate/Foundation/Http/Middleware/TrimStrings.php(47): Illuminate/Pipeline/Pipeline->Illuminate/Pipeline/{closure}(Object(Illuminate/Http/Request))
#35 C:/Documents/Herd/Thesis Monitoring/vendor/laravel/framework/src/Illuminate/Pipeline/Pipeline.php(219): Illuminate/Foundation/Http/Middleware/TrimStrings->handle(Object(Illuminate/Http/Request), Object(Closure))
#36 C:/Documents/Herd/Thesis Monitoring/vendor/laravel/framework/src/Illuminate/Http/Middleware/ValidatePostSize.php(27): Illuminate/Pipeline/Pipeline->Illuminate/Pipeline/{closure}(Object(Illuminate/Http/Request))
#37 C:/Documents/Herd/Thesis Monitoring/vendor/laravel/framework/src/Illuminate/Pipeline/Pipeline.php(219): Illuminate/Http/Middleware/ValidatePostSize->handle(Object(Illuminate/Http/Request), Object(Closure))
#38 C:/Documents/Herd/Thesis Monitoring/vendor/laravel/framework/src/Illuminate/Foundation/Http/Middleware/PreventRequestsDuringMaintenance.php(109): Illuminate/Pipeline/Pipeline->Illuminate/Pipeline/{closure}(Object(Illuminate/Http/Request))
#39 C:/Documents/Herd/Thesis Monitoring/vendor/laravel/framework/src/Illuminate/Pipeline/Pipeline.php(219): Illuminate/Foundation/Http/Middleware/PreventRequestsDuringMaintenance->handle(Object(Illuminate/Http/Request), Object(Closure))
#40 C:/Documents/Herd/Thesis Monitoring/vendor/laravel/framework/src/Illuminate/Http/Middleware/HandleCors.php(61): Illuminate/Pipeline/Pipeline->Illuminate/Pipeline/{closure}(Object(Illuminate/Http/Request))
#41 C:/Documents/Herd/Thesis Monitoring/vendor/laravel/framework/src/Illuminate/Pipeline/Pipeline.php(219): Illuminate/Http/Middleware/HandleCors->handle(Object(Illuminate/Http/Request), Object(Closure))
#42 C:/Documents/Herd/Thesis Monitoring/vendor/laravel/framework/src/Illuminate/Http/Middleware/TrustProxies.php(58): Illuminate/Pipeline/Pipeline->Illuminate/Pipeline/{closure}(Object(Illuminate/Http/Request))
#43 C:/Documents/Herd/Thesis Monitoring/vendor/laravel/framework/src/Illuminate/Pipeline/Pipeline.php(219): Illuminate/Http/Middleware/TrustProxies->handle(Object(Illuminate/Http/Request), Object(Closure))
#44 C:/Documents/Herd/Thesis Monitoring/vendor/laravel/framework/src/Illuminate/Foundation/Http/Middleware/InvokeDeferredCallbacks.php(22): Illuminate/Pipeline/Pipeline->Illuminate/Pipeline/{closure}(Object(Illuminate/Http/Request))
#45 C:/Documents/Herd/Thesis Monitoring/vendor/laravel/framework/src/Illuminate/Pipeline/Pipeline.php(219): Illuminate/Foundation/Http/Middleware/InvokeDeferredCallbacks->handle(Object(Illuminate/Http/Request), Object(Closure))
#46 C:/Documents/Herd/Thesis Monitoring/vendor/laravel/framework/src/Illuminate/Http/Middleware/ValidatePathEncoding.php(26): Illuminate/Pipeline/Pipeline->Illuminate/Pipeline/{closure}(Object(Illuminate/Http/Request))
#47 C:/Documents/Herd/Thesis Monitoring/vendor/laravel/framework/src/Illuminate/Pipeline/Pipeline.php(219): Illuminate/Http/Middleware/ValidatePathEncoding->handle(Object(Illuminate/Http/Request), Object(Closure))
#48 C:/Documents/Herd/Thesis Monitoring/vendor/laravel/framework/src/Illuminate/Pipeline/Pipeline.php(137): Illuminate/Pipeline/Pipeline->Illuminate/Pipeline/{closure}(Object(Illuminate/Http/Request))
#49 C:/Documents/Herd/Thesis Monitoring/vendor/laravel/framework/src/Illuminate/Foundation/Http/Kernel.php(175): Illuminate/Pipeline/Pipeline->then(Object(Closure))
#50 C:/Documents/Herd/Thesis Monitoring/vendor/laravel/framework/src/Illuminate/Foundation/Http/Kernel.php(144): Illuminate/Foundation/Http/Kernel->sendRequestThroughRouter(Object(Illuminate/Http/Request))
#51 C:/Documents/Herd/Thesis Monitoring/vendor/laravel/framework/src/Illuminate/Foundation/Application.php(1220): Illuminate/Foundation/Http/Kernel->handle(Object(Illuminate/Http/Request))
#52 C:/Documents/Herd/Thesis Monitoring/public/index.php(20): Illuminate/Foundation/Application->handleRequest(Object(Illuminate/Http/Request))
#53 C:/Documents/Herd/Thesis Monitoring/vendor/laravel/framework/src/Illuminate/Foundation/resources/server.php(23): require_once('C://Documents//He...')
#54 {main}
"} 
[2026-09-22 14:24:56] local.ERROR: Cannot redeclare App\Livewire\StudentRegistrationWizard::$thesis_title {"exception":"[object] (Symfony\\Component\\ErrorHandler\\Error\\FatalError(code: 0): Cannot redeclare App\\Livewire\\StudentRegistrationWizard::$thesis_title at C:/Documents/Herd/Thesis Monitoring/app/Livewire/StudentRegistrationWizard.php:99)
[stacktrace]
#0 {main}
"} 
[2026-09-22 14:27:04] local.ERROR: Cannot redeclare App\Livewire\StudentRegistrationWizard::$thesis_title {"exception":"[object] (Symfony\\Component\\ErrorHandler\\Error\\FatalError(code: 0): Cannot redeclare App\\Livewire\\StudentRegistrationWizard::$thesis_title at C:/Documents/Herd/Thesis Monitoring/app/Livewire/StudentRegistrationWizard.php:99)
[stacktrace]
#0 {main}
"} 
[2026-09-22 14:27:07] local.ERROR: Cannot redeclare App\Livewire\StudentRegistrationWizard::$thesis_title {"exception":"[object] (Symfony\\Component\\ErrorHandler\\Error\\FatalError(code: 0): Cannot redeclare App\\Livewire\\StudentRegistrationWizard::$thesis_title at C:/Documents/Herd/Thesis Monitoring/app/Livewire/StudentRegistrationWizard.php:99)
[stacktrace]
#0 {main}
"} 
[2026-09-22 14:50:03] local.ERROR: There is no role named `Examiner` for guard `web`. {"exception":"[object] (Spatie\\Permission\\Exceptions\\RoleDoesNotExist(code: 0): There is no role named `Examiner` for guard `web`. at C:/Documents/Herd/Thesis Monitoring/vendor/spatie/laravel-permission/src/Exceptions/RoleDoesNotExist.php:11)
[stacktrace]
#0 C:/Documents/Herd/Thesis Monitoring/vendor/spatie/laravel-permission/src/Models/Role.php(113): Spatie/Permission/Exceptions/RoleDoesNotExist::named('Examiner', 'web')
#1 C:/Documents/Herd/Thesis Monitoring/vendor/spatie/laravel-permission/src/Traits/HasRoles.php(96): Spatie/Permission/Models/Role::findByName('Examiner', 'web')
#2 [internal function]: App/Models/User->Spatie/Permission/Traits/{closure}('Examiner')
#3 C:/Documents/Herd/Thesis Monitoring/vendor/spatie/laravel-permission/src/Traits/HasRoles.php(85): array_map(Object(Closure), Array)
#4 C:/Documents/Herd/Thesis Monitoring/vendor/laravel/framework/src/Illuminate/Database/Eloquent/Model.php(1757): App/Models/User->scopeRole(Object(Illuminate/Database/Eloquent/Builder), Array)
#5 C:/Documents/Herd/Thesis Monitoring/vendor/laravel/framework/src/Illuminate/Database/Eloquent/Builder.php(1623): Illuminate/Database/Eloquent/Model->callNamedScope('role', Array)
#6 C:/Documents/Herd/Thesis Monitoring/vendor/laravel/framework/src/Illuminate/Database/Eloquent/Builder.php(1604): Illuminate/Database/Eloquent/Builder->Illuminate/Database/Eloquent/{closure}(Object(Illuminate/Database/Eloquent/Builder), Array)
#7 C:/Documents/Herd/Thesis Monitoring/vendor/laravel/framework/src/Illuminate/Database/Eloquent/Builder.php(1622): Illuminate/Database/Eloquent/Builder->callScope(Object(Closure), Array)
#8 C:/Documents/Herd/Thesis Monitoring/vendor/laravel/framework/src/Illuminate/Database/Eloquent/Builder.php(2233): Illuminate/Database/Eloquent/Builder->callNamedScope('role', Array)
#9 C:/Documents/Herd/Thesis Monitoring/vendor/laravel/framework/src/Illuminate/Support/Traits/ForwardsCalls.php(23): Illuminate/Database/Eloquent/Builder->__call('role', Array)
#10 C:/Documents/Herd/Thesis Monitoring/vendor/laravel/framework/src/Illuminate/Database/Eloquent/Model.php(2544): Illuminate/Database/Eloquent/Model->forwardCallTo(Object(Illuminate/Database/Eloquent/Builder), 'role', Array)
#11 C:/Documents/Herd/Thesis Monitoring/vendor/laravel/framework/src/Illuminate/Database/Eloquent/Model.php(2560): Illuminate/Database/Eloquent/Model->__call('role', Array)
#12 C:/Documents/Herd/Thesis Monitoring/app/Livewire/StudentRegistrationWizard.php(161): Illuminate/Database/Eloquent/Model::__callStatic('role', Array)
#13 C:/Documents/Herd/Thesis Monitoring/vendor/laravel/framework/src/Illuminate/Container/BoundMethod.php(36): App/Livewire/StudentRegistrationWizard->answerQuestion('yes')
#14 C:/Documents/Herd/Thesis Monitoring/vendor/laravel/framework/src/Illuminate/Container/Util.php(43): Illuminate/Container/BoundMethod::Illuminate/Container/{closure}()
#15 C:/Documents/Herd/Thesis Monitoring/vendor/laravel/framework/src/Illuminate/Container/BoundMethod.php(96): Illuminate/Container/Util::unwrapIfClosure(Object(Closure))
#16 C:/Documents/Herd/Thesis Monitoring/vendor/laravel/framework/src/Illuminate/Container/BoundMethod.php(35): Illuminate/Container/BoundMethod::callBoundMethod(Object(Illuminate/Foundation/Application), Array, Object(Closure))
#17 C:/Documents/Herd/Thesis Monitoring/vendor/livewire/livewire/src/Wrapped.php(23): Illuminate/Container/BoundMethod::call(Object(Illuminate/Foundation/Application), Array, Array)
#18 C:/Documents/Herd/Thesis Monitoring/vendor/livewire/livewire/src/Mechanisms/HandleComponents/HandleComponents.php(583): Livewire/Wrapped->__call('answerQuestion', Array)
#19 C:/Documents/Herd/Thesis Monitoring/vendor/livewire/livewire/src/Mechanisms/HandleComponents/HandleComponents.php(224): Livewire/Mechanisms/HandleComponents/HandleComponents->callMethods(Object(App/Livewire/StudentRegistrationWizard), Array, Object(Livewire/Mechanisms/HandleComponents/ComponentContext))
#20 C:/Documents/Herd/Thesis Monitoring/vendor/livewire/livewire/src/LivewireManager.php(132): Livewire/Mechanisms/HandleComponents/HandleComponents->update(Array, Array, Array)
#21 C:/Documents/Herd/Thesis Monitoring/vendor/livewire/livewire/src/Mechanisms/HandleRequests/HandleRequests.php(220): Livewire/LivewireManager->update(Array, Array, Array)
#22 C:/Documents/Herd/Thesis Monitoring/vendor/laravel/framework/src/Illuminate/Routing/ControllerDispatcher.php(46): Livewire/Mechanisms/HandleRequests/HandleRequests->handleUpdate()
#23 C:/Documents/Herd/Thesis Monitoring/vendor/laravel/framework/src/Illuminate/Routing/Route.php(265): Illuminate/Routing/ControllerDispatcher->dispatch(Object(Illuminate/Routing/Route), Object(Livewire/Mechanisms/HandleRequests/HandleRequests), 'handleUpdate')
#24 C:/Documents/Herd/Thesis Monitoring/vendor/laravel/framework/src/Illuminate/Routing/Route.php(211): Illuminate/Routing/Route->runController()
#25 C:/Documents/Herd/Thesis Monitoring/vendor/laravel/framework/src/Illuminate/Routing/Router.php(822): Illuminate/Routing/Route->run()
#26 C:/Documents/Herd/Thesis Monitoring/vendor/laravel/framework/src/Illuminate/Pipeline/Pipeline.php(180): Illuminate/Routing/Router->Illuminate/Routing/{closure}(Object(Illuminate/Http/Request))
#27 C:/Documents/Herd/Thesis Monitoring/vendor/livewire/livewire/src/Mechanisms/HandleRequests/RequireLivewireHeaders.php(19): Illuminate/Pipeline/Pipeline->Illuminate/Pipeline/{closure}(Object(Illuminate/Http/Request))
#28 C:/Documents/Herd/Thesis Monitoring/vendor/laravel/framework/src/Illuminate/Pipeline/Pipeline.php(219): Livewire/Mechanisms/HandleRequests/RequireLivewireHeaders->handle(Object(Illuminate/Http/Request), Object(Closure))
#29 C:/Documents/Herd/Thesis Monitoring/vendor/laravel/framework/src/Illuminate/Routing/Middleware/SubstituteBindings.php(50): Illuminate/Pipeline/Pipeline->Illuminate/Pipeline/{closure}(Object(Illuminate/Http/Request))
#30 C:/Documents/Herd/Thesis Monitoring/vendor/laravel/framework/src/Illuminate/Pipeline/Pipeline.php(219): Illuminate/Routing/Middleware/SubstituteBindings->handle(Object(Illuminate/Http/Request), Object(Closure))
#31 C:/Documents/Herd/Thesis Monitoring/vendor/laravel/framework/src/Illuminate/Foundation/Http/Middleware/VerifyCsrfToken.php(87): Illuminate/Pipeline/Pipeline->Illuminate/Pipeline/{closure}(Object(Illuminate/Http/Request))
#32 C:/Documents/Herd/Thesis Monitoring/vendor/laravel/framework/src/Illuminate/Pipeline/Pipeline.php(219): Illuminate/Foundation/Http/Middleware/VerifyCsrfToken->handle(Object(Illuminate/Http/Request), Object(Closure))
#33 C:/Documents/Herd/Thesis Monitoring/vendor/laravel/framework/src/Illuminate/View/Middleware/ShareErrorsFromSession.php(48): Illuminate/Pipeline/Pipeline->Illuminate/Pipeline/{closure}(Object(Illuminate/Http/Request))
#34 C:/Documents/Herd/Thesis Monitoring/vendor/laravel/framework/src/Illuminate/Pipeline/Pipeline.php(219): Illuminate/View/Middleware/ShareErrorsFromSession->handle(Object(Illuminate/Http/Request), Object(Closure))
#35 C:/Documents/Herd/Thesis Monitoring/vendor/laravel/framework/src/Illuminate/Session/Middleware/StartSession.php(120): Illuminate/Pipeline/Pipeline->Illuminate/Pipeline/{closure}(Object(Illuminate/Http/Request))
#36 C:/Documents/Herd/Thesis Monitoring/vendor/laravel/framework/src/Illuminate/Session/Middleware/StartSession.php(63): Illuminate/Session/Middleware/StartSession->handleStatefulRequest(Object(Illuminate/Http/Request), Object(Illuminate/Session/Store), Object(Closure))
#37 C:/Documents/Herd/Thesis Monitoring/vendor/laravel/framework/src/Illuminate/Pipeline/Pipeline.php(219): Illuminate/Session/Middleware/StartSession->handle(Object(Illuminate/Http/Request), Object(Closure))
#38 C:/Documents/Herd/Thesis Monitoring/vendor/laravel/framework/src/Illuminate/Cookie/Middleware/AddQueuedCookiesToResponse.php(36): Illuminate/Pipeline/Pipeline->Illuminate/Pipeline/{closure}(Object(Illuminate/Http/Request))
#39 C:/Documents/Herd/Thesis Monitoring/vendor/laravel/framework/src/Illuminate/Pipeline/Pipeline.php(219): Illuminate/Cookie/Middleware/AddQueuedCookiesToResponse->handle(Object(Illuminate/Http/Request), Object(Closure))
#40 C:/Documents/Herd/Thesis Monitoring/vendor/laravel/framework/src/Illuminate/Cookie/Middleware/EncryptCookies.php(74): Illuminate/Pipeline/Pipeline->Illuminate/Pipeline/{closure}(Object(Illuminate/Http/Request))
#41 C:/Documents/Herd/Thesis Monitoring/vendor/laravel/framework/src/Illuminate/Pipeline/Pipeline.php(219): Illuminate/Cookie/Middleware/EncryptCookies->handle(Object(Illuminate/Http/Request), Object(Closure))
#42 C:/Documents/Herd/Thesis Monitoring/vendor/laravel/framework/src/Illuminate/Pipeline/Pipeline.php(137): Illuminate/Pipeline/Pipeline->Illuminate/Pipeline/{closure}(Object(Illuminate/Http/Request))
#43 C:/Documents/Herd/Thesis Monitoring/vendor/laravel/framework/src/Illuminate/Routing/Router.php(821): Illuminate/Pipeline/Pipeline->then(Object(Closure))
#44 C:/Documents/Herd/Thesis Monitoring/vendor/laravel/framework/src/Illuminate/Routing/Router.php(800): Illuminate/Routing/Router->runRouteWithinStack(Object(Illuminate/Routing/Route), Object(Illuminate/Http/Request))
#45 C:/Documents/Herd/Thesis Monitoring/vendor/laravel/framework/src/Illuminate/Routing/Router.php(764): Illuminate/Routing/Router->runRoute(Object(Illuminate/Http/Request), Object(Illuminate/Routing/Route))
#46 C:/Documents/Herd/Thesis Monitoring/vendor/laravel/framework/src/Illuminate/Routing/Router.php(753): Illuminate/Routing/Router->dispatchToRoute(Object(Illuminate/Http/Request))
#47 C:/Documents/Herd/Thesis Monitoring/vendor/laravel/framework/src/Illuminate/Foundation/Http/Kernel.php(200): Illuminate/Routing/Router->dispatch(Object(Illuminate/Http/Request))
#48 C:/Documents/Herd/Thesis Monitoring/vendor/laravel/framework/src/Illuminate/Pipeline/Pipeline.php(180): Illuminate/Foundation/Http/Kernel->Illuminate/Foundation/Http/{closure}(Object(Illuminate/Http/Request))
#49 C:/Documents/Herd/Thesis Monitoring/vendor/livewire/livewire/src/Features/SupportDisablingBackButtonCache/DisableBackButtonCacheMiddleware.php(19): Illuminate/Pipeline/Pipeline->Illuminate/Pipeline/{closure}(Object(Illuminate/Http/Request))
#50 C:/Documents/Herd/Thesis Monitoring/vendor/laravel/framework/src/Illuminate/Pipeline/Pipeline.php(219): Livewire/Features/SupportDisablingBackButtonCache/DisableBackButtonCacheMiddleware->handle(Object(Illuminate/Http/Request), Object(Closure))
#51 C:/Documents/Herd/Thesis Monitoring/vendor/laravel/framework/src/Illuminate/Foundation/Http/Middleware/ConvertEmptyStringsToNull.php(27): Illuminate/Pipeline/Pipeline->Illuminate/Pipeline/{closure}(Object(Illuminate/Http/Request))
#52 C:/Documents/Herd/Thesis Monitoring/vendor/laravel/framework/src/Illuminate/Pipeline/Pipeline.php(219): Illuminate/Foundation/Http/Middleware/ConvertEmptyStringsToNull->handle(Object(Illuminate/Http/Request), Object(Closure))
#53 C:/Documents/Herd/Thesis Monitoring/vendor/laravel/framework/src/Illuminate/Foundation/Http/Middleware/TrimStrings.php(47): Illuminate/Pipeline/Pipeline->Illuminate/Pipeline/{closure}(Object(Illuminate/Http/Request))
#54 C:/Documents/Herd/Thesis Monitoring/vendor/laravel/framework/src/Illuminate/Pipeline/Pipeline.php(219): Illuminate/Foundation/Http/Middleware/TrimStrings->handle(Object(Illuminate/Http/Request), Object(Closure))
#55 C:/Documents/Herd/Thesis Monitoring/vendor/laravel/framework/src/Illuminate/Http/Middleware/ValidatePostSize.php(27): Illuminate/Pipeline/Pipeline->Illuminate/Pipeline/{closure}(Object(Illuminate/Http/Request))
#56 C:/Documents/Herd/Thesis Monitoring/vendor/laravel/framework/src/Illuminate/Pipeline/Pipeline.php(219): Illuminate/Http/Middleware/ValidatePostSize->handle(Object(Illuminate/Http/Request), Object(Closure))
#57 C:/Documents/Herd/Thesis Monitoring/vendor/laravel/framework/src/Illuminate/Foundation/Http/Middleware/PreventRequestsDuringMaintenance.php(109): Illuminate/Pipeline/Pipeline->Illuminate/Pipeline/{closure}(Object(Illuminate/Http/Request))
#58 C:/Documents/Herd/Thesis Monitoring/vendor/laravel/framework/src/Illuminate/Pipeline/Pipeline.php(219): Illuminate/Foundation/Http/Middleware/PreventRequestsDuringMaintenance->handle(Object(Illuminate/Http/Request), Object(Closure))
#59 C:/Documents/Herd/Thesis Monitoring/vendor/laravel/framework/src/Illuminate/Http/Middleware/HandleCors.php(61): Illuminate/Pipeline/Pipeline->Illuminate/Pipeline/{closure}(Object(Illuminate/Http/Request))
#60 C:/Documents/Herd/Thesis Monitoring/vendor/laravel/framework/src/Illuminate/Pipeline/Pipeline.php(219): Illuminate/Http/Middleware/HandleCors->handle(Object(Illuminate/Http/Request), Object(Closure))
#61 C:/Documents/Herd/Thesis Monitoring/vendor/laravel/framework/src/Illuminate/Http/Middleware/TrustProxies.php(58): Illuminate/Pipeline/Pipeline->Illuminate/Pipeline/{closure}(Object(Illuminate/Http/Request))
#62 C:/Documents/Herd/Thesis Monitoring/vendor/laravel/framework/src/Illuminate/Pipeline/Pipeline.php(219): Illuminate/Http/Middleware/TrustProxies->handle(Object(Illuminate/Http/Request), Object(Closure))
#63 C:/Documents/Herd/Thesis Monitoring/vendor/laravel/framework/src/Illuminate/Foundation/Http/Middleware/InvokeDeferredCallbacks.php(22): Illuminate/Pipeline/Pipeline->Illuminate/Pipeline/{closure}(Object(Illuminate/Http/Request))
#64 C:/Documents/Herd/Thesis Monitoring/vendor/laravel/framework/src/Illuminate/Pipeline/Pipeline.php(219): Illuminate/Foundation/Http/Middleware/InvokeDeferredCallbacks->handle(Object(Illuminate/Http/Request), Object(Closure))
#65 C:/Documents/Herd/Thesis Monitoring/vendor/laravel/framework/src/Illuminate/Http/Middleware/ValidatePathEncoding.php(26): Illuminate/Pipeline/Pipeline->Illuminate/Pipeline/{closure}(Object(Illuminate/Http/Request))
#66 C:/Documents/Herd/Thesis Monitoring/vendor/laravel/framework/src/Illuminate/Pipeline/Pipeline.php(219): Illuminate/Http/Middleware/ValidatePathEncoding->handle(Object(Illuminate/Http/Request), Object(Closure))
#67 C:/Documents/Herd/Thesis Monitoring/vendor/laravel/framework/src/Illuminate/Pipeline/Pipeline.php(137): Illuminate/Pipeline/Pipeline->Illuminate/Pipeline/{closure}(Object(Illuminate/Http/Request))
#68 C:/Documents/Herd/Thesis Monitoring/vendor/laravel/framework/src/Illuminate/Foundation/Http/Kernel.php(175): Illuminate/Pipeline/Pipeline->then(Object(Closure))
#69 C:/Documents/Herd/Thesis Monitoring/vendor/laravel/framework/src/Illuminate/Foundation/Http/Kernel.php(144): Illuminate/Foundation/Http/Kernel->sendRequestThroughRouter(Object(Illuminate/Http/Request))
#70 C:/Documents/Herd/Thesis Monitoring/vendor/laravel/framework/src/Illuminate/Foundation/Application.php(1220): Illuminate/Foundation/Http/Kernel->handle(Object(Illuminate/Http/Request))
#71 C:/Documents/Herd/Thesis Monitoring/public/index.php(20): Illuminate/Foundation/Application->handleRequest(Object(Illuminate/Http/Request))
#72 C:/Documents/Herd/Thesis Monitoring/vendor/laravel/framework/src/Illuminate/Foundation/resources/server.php(23): require_once('C://Documents//He...')
#73 {main}
"} 
[2026-09-22 14:50:13] local.ERROR: There is no role named `Examiner` for guard `web`. {"exception":"[object] (Spatie\\Permission\\Exceptions\\RoleDoesNotExist(code: 0): There is no role named `Examiner` for guard `web`. at C:/Documents/Herd/Thesis Monitoring/vendor/spatie/laravel-permission/src/Exceptions/RoleDoesNotExist.php:11)
[stacktrace]
#0 C:/Documents/Herd/Thesis Monitoring/vendor/spatie/laravel-permission/src/Models/Role.php(113): Spatie/Permission/Exceptions/RoleDoesNotExist::named('Examiner', 'web')
#1 C:/Documents/Herd/Thesis Monitoring/vendor/spatie/laravel-permission/src/Traits/HasRoles.php(96): Spatie/Permission/Models/Role::findByName('Examiner', 'web')
#2 [internal function]: App/Models/User->Spatie/Permission/Traits/{closure}('Examiner')
#3 C:/Documents/Herd/Thesis Monitoring/vendor/spatie/laravel-permission/src/Traits/HasRoles.php(85): array_map(Object(Closure), Array)
#4 C:/Documents/Herd/Thesis Monitoring/vendor/laravel/framework/src/Illuminate/Database/Eloquent/Model.php(1757): App/Models/User->scopeRole(Object(Illuminate/Database/Eloquent/Builder), Array)
#5 C:/Documents/Herd/Thesis Monitoring/vendor/laravel/framework/src/Illuminate/Database/Eloquent/Builder.php(1623): Illuminate/Database/Eloquent/Model->callNamedScope('role', Array)
#6 C:/Documents/Herd/Thesis Monitoring/vendor/laravel/framework/src/Illuminate/Database/Eloquent/Builder.php(1604): Illuminate/Database/Eloquent/Builder->Illuminate/Database/Eloquent/{closure}(Object(Illuminate/Database/Eloquent/Builder), Array)
#7 C:/Documents/Herd/Thesis Monitoring/vendor/laravel/framework/src/Illuminate/Database/Eloquent/Builder.php(1622): Illuminate/Database/Eloquent/Builder->callScope(Object(Closure), Array)
#8 C:/Documents/Herd/Thesis Monitoring/vendor/laravel/framework/src/Illuminate/Database/Eloquent/Builder.php(2233): Illuminate/Database/Eloquent/Builder->callNamedScope('role', Array)
#9 C:/Documents/Herd/Thesis Monitoring/vendor/laravel/framework/src/Illuminate/Support/Traits/ForwardsCalls.php(23): Illuminate/Database/Eloquent/Builder->__call('role', Array)
#10 C:/Documents/Herd/Thesis Monitoring/vendor/laravel/framework/src/Illuminate/Database/Eloquent/Model.php(2544): Illuminate/Database/Eloquent/Model->forwardCallTo(Object(Illuminate/Database/Eloquent/Builder), 'role', Array)
#11 C:/Documents/Herd/Thesis Monitoring/vendor/laravel/framework/src/Illuminate/Database/Eloquent/Model.php(2560): Illuminate/Database/Eloquent/Model->__call('role', Array)
#12 C:/Documents/Herd/Thesis Monitoring/app/Livewire/StudentRegistrationWizard.php(161): Illuminate/Database/Eloquent/Model::__callStatic('role', Array)
#13 C:/Documents/Herd/Thesis Monitoring/vendor/laravel/framework/src/Illuminate/Container/BoundMethod.php(36): App/Livewire/StudentRegistrationWizard->answerQuestion('yes')
#14 C:/Documents/Herd/Thesis Monitoring/vendor/laravel/framework/src/Illuminate/Container/Util.php(43): Illuminate/Container/BoundMethod::Illuminate/Container/{closure}()
#15 C:/Documents/Herd/Thesis Monitoring/vendor/laravel/framework/src/Illuminate/Container/BoundMethod.php(96): Illuminate/Container/Util::unwrapIfClosure(Object(Closure))
#16 C:/Documents/Herd/Thesis Monitoring/vendor/laravel/framework/src/Illuminate/Container/BoundMethod.php(35): Illuminate/Container/BoundMethod::callBoundMethod(Object(Illuminate/Foundation/Application), Array, Object(Closure))
#17 C:/Documents/Herd/Thesis Monitoring/vendor/livewire/livewire/src/Wrapped.php(23): Illuminate/Container/BoundMethod::call(Object(Illuminate/Foundation/Application), Array, Array)
#18 C:/Documents/Herd/Thesis Monitoring/vendor/livewire/livewire/src/Mechanisms/HandleComponents/HandleComponents.php(583): Livewire/Wrapped->__call('answerQuestion', Array)
#19 C:/Documents/Herd/Thesis Monitoring/vendor/livewire/livewire/src/Mechanisms/HandleComponents/HandleComponents.php(224): Livewire/Mechanisms/HandleComponents/HandleComponents->callMethods(Object(App/Livewire/StudentRegistrationWizard), Array, Object(Livewire/Mechanisms/HandleComponents/ComponentContext))
#20 C:/Documents/Herd/Thesis Monitoring/vendor/livewire/livewire/src/LivewireManager.php(132): Livewire/Mechanisms/HandleComponents/HandleComponents->update(Array, Array, Array)
#21 C:/Documents/Herd/Thesis Monitoring/vendor/livewire/livewire/src/Mechanisms/HandleRequests/HandleRequests.php(220): Livewire/LivewireManager->update(Array, Array, Array)
#22 C:/Documents/Herd/Thesis Monitoring/vendor/laravel/framework/src/Illuminate/Routing/ControllerDispatcher.php(46): Livewire/Mechanisms/HandleRequests/HandleRequests->handleUpdate()
#23 C:/Documents/Herd/Thesis Monitoring/vendor/laravel/framework/src/Illuminate/Routing/Route.php(265): Illuminate/Routing/ControllerDispatcher->dispatch(Object(Illuminate/Routing/Route), Object(Livewire/Mechanisms/HandleRequests/HandleRequests), 'handleUpdate')
#24 C:/Documents/Herd/Thesis Monitoring/vendor/laravel/framework/src/Illuminate/Routing/Route.php(211): Illuminate/Routing/Route->runController()
#25 C:/Documents/Herd/Thesis Monitoring/vendor/laravel/framework/src/Illuminate/Routing/Router.php(822): Illuminate/Routing/Route->run()
#26 C:/Documents/Herd/Thesis Monitoring/vendor/laravel/framework/src/Illuminate/Pipeline/Pipeline.php(180): Illuminate/Routing/Router->Illuminate/Routing/{closure}(Object(Illuminate/Http/Request))
#27 C:/Documents/Herd/Thesis Monitoring/vendor/livewire/livewire/src/Mechanisms/HandleRequests/RequireLivewireHeaders.php(19): Illuminate/Pipeline/Pipeline->Illuminate/Pipeline/{closure}(Object(Illuminate/Http/Request))
#28 C:/Documents/Herd/Thesis Monitoring/vendor/laravel/framework/src/Illuminate/Pipeline/Pipeline.php(219): Livewire/Mechanisms/HandleRequests/RequireLivewireHeaders->handle(Object(Illuminate/Http/Request), Object(Closure))
#29 C:/Documents/Herd/Thesis Monitoring/vendor/laravel/framework/src/Illuminate/Routing/Middleware/SubstituteBindings.php(50): Illuminate/Pipeline/Pipeline->Illuminate/Pipeline/{closure}(Object(Illuminate/Http/Request))
#30 C:/Documents/Herd/Thesis Monitoring/vendor/laravel/framework/src/Illuminate/Pipeline/Pipeline.php(219): Illuminate/Routing/Middleware/SubstituteBindings->handle(Object(Illuminate/Http/Request), Object(Closure))
#31 C:/Documents/Herd/Thesis Monitoring/vendor/laravel/framework/src/Illuminate/Foundation/Http/Middleware/VerifyCsrfToken.php(87): Illuminate/Pipeline/Pipeline->Illuminate/Pipeline/{closure}(Object(Illuminate/Http/Request))
#32 C:/Documents/Herd/Thesis Monitoring/vendor/laravel/framework/src/Illuminate/Pipeline/Pipeline.php(219): Illuminate/Foundation/Http/Middleware/VerifyCsrfToken->handle(Object(Illuminate/Http/Request), Object(Closure))
#33 C:/Documents/Herd/Thesis Monitoring/vendor/laravel/framework/src/Illuminate/View/Middleware/ShareErrorsFromSession.php(48): Illuminate/Pipeline/Pipeline->Illuminate/Pipeline/{closure}(Object(Illuminate/Http/Request))
#34 C:/Documents/Herd/Thesis Monitoring/vendor/laravel/framework/src/Illuminate/Pipeline/Pipeline.php(219): Illuminate/View/Middleware/ShareErrorsFromSession->handle(Object(Illuminate/Http/Request), Object(Closure))
#35 C:/Documents/Herd/Thesis Monitoring/vendor/laravel/framework/src/Illuminate/Session/Middleware/StartSession.php(120): Illuminate/Pipeline/Pipeline->Illuminate/Pipeline/{closure}(Object(Illuminate/Http/Request))
#36 C:/Documents/Herd/Thesis Monitoring/vendor/laravel/framework/src/Illuminate/Session/Middleware/StartSession.php(63): Illuminate/Session/Middleware/StartSession->handleStatefulRequest(Object(Illuminate/Http/Request), Object(Illuminate/Session/Store), Object(Closure))
#37 C:/Documents/Herd/Thesis Monitoring/vendor/laravel/framework/src/Illuminate/Pipeline/Pipeline.php(219): Illuminate/Session/Middleware/StartSession->handle(Object(Illuminate/Http/Request), Object(Closure))
#38 C:/Documents/Herd/Thesis Monitoring/vendor/laravel/framework/src/Illuminate/Cookie/Middleware/AddQueuedCookiesToResponse.php(36): Illuminate/Pipeline/Pipeline->Illuminate/Pipeline/{closure}(Object(Illuminate/Http/Request))
#39 C:/Documents/Herd/Thesis Monitoring/vendor/laravel/framework/src/Illuminate/Pipeline/Pipeline.php(219): Illuminate/Cookie/Middleware/AddQueuedCookiesToResponse->handle(Object(Illuminate/Http/Request), Object(Closure))
#40 C:/Documents/Herd/Thesis Monitoring/vendor/laravel/framework/src/Illuminate/Cookie/Middleware/EncryptCookies.php(74): Illuminate/Pipeline/Pipeline->Illuminate/Pipeline/{closure}(Object(Illuminate/Http/Request))
#41 C:/Documents/Herd/Thesis Monitoring/vendor/laravel/framework/src/Illuminate/Pipeline/Pipeline.php(219): Illuminate/Cookie/Middleware/EncryptCookies->handle(Object(Illuminate/Http/Request), Object(Closure))
#42 C:/Documents/Herd/Thesis Monitoring/vendor/laravel/framework/src/Illuminate/Pipeline/Pipeline.php(137): Illuminate/Pipeline/Pipeline->Illuminate/Pipeline/{closure}(Object(Illuminate/Http/Request))
#43 C:/Documents/Herd/Thesis Monitoring/vendor/laravel/framework/src/Illuminate/Routing/Router.php(821): Illuminate/Pipeline/Pipeline->then(Object(Closure))
#44 C:/Documents/Herd/Thesis Monitoring/vendor/laravel/framework/src/Illuminate/Routing/Router.php(800): Illuminate/Routing/Router->runRouteWithinStack(Object(Illuminate/Routing/Route), Object(Illuminate/Http/Request))
#45 C:/Documents/Herd/Thesis Monitoring/vendor/laravel/framework/src/Illuminate/Routing/Router.php(764): Illuminate/Routing/Router->runRoute(Object(Illuminate/Http/Request), Object(Illuminate/Routing/Route))
#46 C:/Documents/Herd/Thesis Monitoring/vendor/laravel/framework/src/Illuminate/Routing/Router.php(753): Illuminate/Routing/Router->dispatchToRoute(Object(Illuminate/Http/Request))
#47 C:/Documents/Herd/Thesis Monitoring/vendor/laravel/framework/src/Illuminate/Foundation/Http/Kernel.php(200): Illuminate/Routing/Router->dispatch(Object(Illuminate/Http/Request))
#48 C:/Documents/Herd/Thesis Monitoring/vendor/laravel/framework/src/Illuminate/Pipeline/Pipeline.php(180): Illuminate/Foundation/Http/Kernel->Illuminate/Foundation/Http/{closure}(Object(Illuminate/Http/Request))
#49 C:/Documents/Herd/Thesis Monitoring/vendor/livewire/livewire/src/Features/SupportDisablingBackButtonCache/DisableBackButtonCacheMiddleware.php(19): Illuminate/Pipeline/Pipeline->Illuminate/Pipeline/{closure}(Object(Illuminate/Http/Request))
#50 C:/Documents/Herd/Thesis Monitoring/vendor/laravel/framework/src/Illuminate/Pipeline/Pipeline.php(219): Livewire/Features/SupportDisablingBackButtonCache/DisableBackButtonCacheMiddleware->handle(Object(Illuminate/Http/Request), Object(Closure))
#51 C:/Documents/Herd/Thesis Monitoring/vendor/laravel/framework/src/Illuminate/Foundation/Http/Middleware/ConvertEmptyStringsToNull.php(27): Illuminate/Pipeline/Pipeline->Illuminate/Pipeline/{closure}(Object(Illuminate/Http/Request))
#52 C:/Documents/Herd/Thesis Monitoring/vendor/laravel/framework/src/Illuminate/Pipeline/Pipeline.php(219): Illuminate/Foundation/Http/Middleware/ConvertEmptyStringsToNull->handle(Object(Illuminate/Http/Request), Object(Closure))
#53 C:/Documents/Herd/Thesis Monitoring/vendor/laravel/framework/src/Illuminate/Foundation/Http/Middleware/TrimStrings.php(47): Illuminate/Pipeline/Pipeline->Illuminate/Pipeline/{closure}(Object(Illuminate/Http/Request))
#54 C:/Documents/Herd/Thesis Monitoring/vendor/laravel/framework/src/Illuminate/Pipeline/Pipeline.php(219): Illuminate/Foundation/Http/Middleware/TrimStrings->handle(Object(Illuminate/Http/Request), Object(Closure))
#55 C:/Documents/Herd/Thesis Monitoring/vendor/laravel/framework/src/Illuminate/Http/Middleware/ValidatePostSize.php(27): Illuminate/Pipeline/Pipeline->Illuminate/Pipeline/{closure}(Object(Illuminate/Http/Request))
#56 C:/Documents/Herd/Thesis Monitoring/vendor/laravel/framework/src/Illuminate/Pipeline/Pipeline.php(219): Illuminate/Http/Middleware/ValidatePostSize->handle(Object(Illuminate/Http/Request), Object(Closure))
#57 C:/Documents/Herd/Thesis Monitoring/vendor/laravel/framework/src/Illuminate/Foundation/Http/Middleware/PreventRequestsDuringMaintenance.php(109): Illuminate/Pipeline/Pipeline->Illuminate/Pipeline/{closure}(Object(Illuminate/Http/Request))
#58 C:/Documents/Herd/Thesis Monitoring/vendor/laravel/framework/src/Illuminate/Pipeline/Pipeline.php(219): Illuminate/Foundation/Http/Middleware/PreventRequestsDuringMaintenance->handle(Object(Illuminate/Http/Request), Object(Closure))
#59 C:/Documents/Herd/Thesis Monitoring/vendor/laravel/framework/src/Illuminate/Http/Middleware/HandleCors.php(61): Illuminate/Pipeline/Pipeline->Illuminate/Pipeline/{closure}(Object(Illuminate/Http/Request))
#60 C:/Documents/Herd/Thesis Monitoring/vendor/laravel/framework/src/Illuminate/Pipeline/Pipeline.php(219): Illuminate/Http/Middleware/HandleCors->handle(Object(Illuminate/Http/Request), Object(Closure))
#61 C:/Documents/Herd/Thesis Monitoring/vendor/laravel/framework/src/Illuminate/Http/Middleware/TrustProxies.php(58): Illuminate/Pipeline/Pipeline->Illuminate/Pipeline/{closure}(Object(Illuminate/Http/Request))
#62 C:/Documents/Herd/Thesis Monitoring/vendor/laravel/framework/src/Illuminate/Pipeline/Pipeline.php(219): Illuminate/Http/Middleware/TrustProxies->handle(Object(Illuminate/Http/Request), Object(Closure))
#63 C:/Documents/Herd/Thesis Monitoring/vendor/laravel/framework/src/Illuminate/Foundation/Http/Middleware/InvokeDeferredCallbacks.php(22): Illuminate/Pipeline/Pipeline->Illuminate/Pipeline/{closure}(Object(Illuminate/Http/Request))
#64 C:/Documents/Herd/Thesis Monitoring/vendor/laravel/framework/src/Illuminate/Pipeline/Pipeline.php(219): Illuminate/Foundation/Http/Middleware/InvokeDeferredCallbacks->handle(Object(Illuminate/Http/Request), Object(Closure))
#65 C:/Documents/Herd/Thesis Monitoring/vendor/laravel/framework/src/Illuminate/Http/Middleware/ValidatePathEncoding.php(26): Illuminate/Pipeline/Pipeline->Illuminate/Pipeline/{closure}(Object(Illuminate/Http/Request))
#66 C:/Documents/Herd/Thesis Monitoring/vendor/laravel/framework/src/Illuminate/Pipeline/Pipeline.php(219): Illuminate/Http/Middleware/ValidatePathEncoding->handle(Object(Illuminate/Http/Request), Object(Closure))
#67 C:/Documents/Herd/Thesis Monitoring/vendor/laravel/framework/src/Illuminate/Pipeline/Pipeline.php(137): Illuminate/Pipeline/Pipeline->Illuminate/Pipeline/{closure}(Object(Illuminate/Http/Request))
#68 C:/Documents/Herd/Thesis Monitoring/vendor/laravel/framework/src/Illuminate/Foundation/Http/Kernel.php(175): Illuminate/Pipeline/Pipeline->then(Object(Closure))
#69 C:/Documents/Herd/Thesis Monitoring/vendor/laravel/framework/src/Illuminate/Foundation/Http/Kernel.php(144): Illuminate/Foundation/Http/Kernel->sendRequestThroughRouter(Object(Illuminate/Http/Request))
#70 C:/Documents/Herd/Thesis Monitoring/vendor/laravel/framework/src/Illuminate/Foundation/Application.php(1220): Illuminate/Foundation/Http/Kernel->handle(Object(Illuminate/Http/Request))
#71 C:/Documents/Herd/Thesis Monitoring/public/index.php(20): Illuminate/Foundation/Application->handleRequest(Object(Illuminate/Http/Request))
#72 C:/Documents/Herd/Thesis Monitoring/vendor/laravel/framework/src/Illuminate/Foundation/resources/server.php(23): require_once('C://Documents//He...')
#73 {main}
"} 
[2026-09-22 14:51:39] local.ERROR: Call to undefined method App\Models\Programme::students() {"userId":1,"exception":"[object] (BadMethodCallException(code: 0): Call to undefined method App\\Models\\Programme::students() at C:/Documents/Herd/Thesis Monitoring/vendor/laravel/framework/src/Illuminate/Support/Traits/ForwardsCalls.php:67)
[stacktrace]
#0 C:/Documents/Herd/Thesis Monitoring/vendor/laravel/framework/src/Illuminate/Support/Traits/ForwardsCalls.php(36): Illuminate/Database/Eloquent/Model::throwBadMethodCallException('students')
#1 C:/Documents/Herd/Thesis Monitoring/vendor/laravel/framework/src/Illuminate/Database/Eloquent/Model.php(2544): Illuminate/Database/Eloquent/Model->forwardCallTo(Object(Illuminate/Database/Eloquent/Builder), 'students', Array)
#2 C:/Documents/Herd/Thesis Monitoring/vendor/laravel/framework/src/Illuminate/Database/Eloquent/Concerns/QueriesRelationships.php(1124): Illuminate/Database/Eloquent/Model->__call('students', Array)
#3 C:/Documents/Herd/Thesis Monitoring/vendor/laravel/framework/src/Illuminate/Database/Eloquent/Relations/Relation.php(119): Illuminate/Database/Eloquent/Builder->Illuminate/Database/Eloquent/Concerns/{closure}()
#4 C:/Documents/Herd/Thesis Monitoring/vendor/laravel/framework/src/Illuminate/Database/Eloquent/Concerns/QueriesRelationships.php(1123): Illuminate/Database/Eloquent/Relations/Relation::noConstraints(Object(Closure))
#5 C:/Documents/Herd/Thesis Monitoring/vendor/laravel/framework/src/Illuminate/Database/Eloquent/Concerns/QueriesRelationships.php(874): Illuminate/Database/Eloquent/Builder->getRelationWithoutConstraints('students')
#6 C:/Documents/Herd/Thesis Monitoring/vendor/laravel/framework/src/Illuminate/Database/Eloquent/Concerns/QueriesRelationships.php(967): Illuminate/Database/Eloquent/Builder->withAggregate(Array, '*', 'count')
#7 C:/Documents/Herd/Thesis Monitoring/vendor/laravel/framework/src/Illuminate/Support/Traits/ForwardsCalls.php(23): Illuminate/Database/Eloquent/Builder->withCount('students')
#8 C:/Documents/Herd/Thesis Monitoring/vendor/laravel/framework/src/Illuminate/Database/Eloquent/Model.php(2544): Illuminate/Database/Eloquent/Model->forwardCallTo(Object(Illuminate/Database/Eloquent/Builder), 'withCount', Array)
#9 C:/Documents/Herd/Thesis Monitoring/vendor/laravel/framework/src/Illuminate/Database/Eloquent/Model.php(2560): Illuminate/Database/Eloquent/Model->__call('withCount', Array)
#10 C:/Documents/Herd/Thesis Monitoring/app/Livewire/AdminDashboard.php(84): Illuminate/Database/Eloquent/Model::__callStatic('withCount', Array)
#11 C:/Documents/Herd/Thesis Monitoring/vendor/laravel/framework/src/Illuminate/Container/BoundMethod.php(36): App/Livewire/AdminDashboard->render()
#12 C:/Documents/Herd/Thesis Monitoring/vendor/laravel/framework/src/Illuminate/Container/Util.php(43): Illuminate/Container/BoundMethod::Illuminate/Container/{closure}()
#13 C:/Documents/Herd/Thesis Monitoring/vendor/laravel/framework/src/Illuminate/Container/BoundMethod.php(96): Illuminate/Container/Util::unwrapIfClosure(Object(Closure))
#14 C:/Documents/Herd/Thesis Monitoring/vendor/laravel/framework/src/Illuminate/Container/BoundMethod.php(35): Illuminate/Container/BoundMethod::callBoundMethod(Object(Illuminate/Foundation/Application), Array, Object(Closure))
#15 C:/Documents/Herd/Thesis Monitoring/vendor/livewire/livewire/src/Wrapped.php(23): Illuminate/Container/BoundMethod::call(Object(Illuminate/Foundation/Application), Array, Array)
#16 C:/Documents/Herd/Thesis Monitoring/vendor/livewire/livewire/src/Mechanisms/HandleComponents/HandleComponents.php(366): Livewire/Wrapped->__call('render', Array)
#17 C:/Documents/Herd/Thesis Monitoring/vendor/livewire/livewire/src/Mechanisms/HandleComponents/HandleComponents.php(323): Livewire/Mechanisms/HandleComponents/HandleComponents->getView(Object(App/Livewire/AdminDashboard))
#18 C:/Documents/Herd/Thesis Monitoring/vendor/livewire/livewire/src/Mechanisms/HandleComponents/HandleComponents.php(227): Livewire/Mechanisms/HandleComponents/HandleComponents->render(Object(App/Livewire/AdminDashboard))
#19 C:/Documents/Herd/Thesis Monitoring/vendor/livewire/livewire/src/LivewireManager.php(132): Livewire/Mechanisms/HandleComponents/HandleComponents->update(Array, Array, Array)
#20 C:/Documents/Herd/Thesis Monitoring/vendor/livewire/livewire/src/Mechanisms/HandleRequests/HandleRequests.php(220): Livewire/LivewireManager->update(Array, Array, Array)
#21 C:/Documents/Herd/Thesis Monitoring/vendor/laravel/framework/src/Illuminate/Routing/ControllerDispatcher.php(46): Livewire/Mechanisms/HandleRequests/HandleRequests->handleUpdate()
#22 C:/Documents/Herd/Thesis Monitoring/vendor/laravel/framework/src/Illuminate/Routing/Route.php(265): Illuminate/Routing/ControllerDispatcher->dispatch(Object(Illuminate/Routing/Route), Object(Livewire/Mechanisms/HandleRequests/HandleRequests), 'handleUpdate')
#23 C:/Documents/Herd/Thesis Monitoring/vendor/laravel/framework/src/Illuminate/Routing/Route.php(211): Illuminate/Routing/Route->runController()
#24 C:/Documents/Herd/Thesis Monitoring/vendor/laravel/framework/src/Illuminate/Routing/Router.php(822): Illuminate/Routing/Route->run()
#25 C:/Documents/Herd/Thesis Monitoring/vendor/laravel/framework/src/Illuminate/Pipeline/Pipeline.php(180): Illuminate/Routing/Router->Illuminate/Routing/{closure}(Object(Illuminate/Http/Request))
#26 C:/Documents/Herd/Thesis Monitoring/vendor/livewire/livewire/src/Mechanisms/HandleRequests/RequireLivewireHeaders.php(19): Illuminate/Pipeline/Pipeline->Illuminate/Pipeline/{closure}(Object(Illuminate/Http/Request))
#27 C:/Documents/Herd/Thesis Monitoring/vendor/laravel/framework/src/Illuminate/Pipeline/Pipeline.php(219): Livewire/Mechanisms/HandleRequests/RequireLivewireHeaders->handle(Object(Illuminate/Http/Request), Object(Closure))
#28 C:/Documents/Herd/Thesis Monitoring/vendor/laravel/framework/src/Illuminate/Routing/Middleware/SubstituteBindings.php(50): Illuminate/Pipeline/Pipeline->Illuminate/Pipeline/{closure}(Object(Illuminate/Http/Request))
#29 C:/Documents/Herd/Thesis Monitoring/vendor/laravel/framework/src/Illuminate/Pipeline/Pipeline.php(219): Illuminate/Routing/Middleware/SubstituteBindings->handle(Object(Illuminate/Http/Request), Object(Closure))
#30 C:/Documents/Herd/Thesis Monitoring/vendor/laravel/framework/src/Illuminate/Foundation/Http/Middleware/VerifyCsrfToken.php(87): Illuminate/Pipeline/Pipeline->Illuminate/Pipeline/{closure}(Object(Illuminate/Http/Request))
#31 C:/Documents/Herd/Thesis Monitoring/vendor/laravel/framework/src/Illuminate/Pipeline/Pipeline.php(219): Illuminate/Foundation/Http/Middleware/VerifyCsrfToken->handle(Object(Illuminate/Http/Request), Object(Closure))
#32 C:/Documents/Herd/Thesis Monitoring/vendor/laravel/framework/src/Illuminate/View/Middleware/ShareErrorsFromSession.php(48): Illuminate/Pipeline/Pipeline->Illuminate/Pipeline/{closure}(Object(Illuminate/Http/Request))
#33 C:/Documents/Herd/Thesis Monitoring/vendor/laravel/framework/src/Illuminate/Pipeline/Pipeline.php(219): Illuminate/View/Middleware/ShareErrorsFromSession->handle(Object(Illuminate/Http/Request), Object(Closure))
#34 C:/Documents/Herd/Thesis Monitoring/vendor/laravel/framework/src/Illuminate/Session/Middleware/StartSession.php(120): Illuminate/Pipeline/Pipeline->Illuminate/Pipeline/{closure}(Object(Illuminate/Http/Request))
#35 C:/Documents/Herd/Thesis Monitoring/vendor/laravel/framework/src/Illuminate/Session/Middleware/StartSession.php(63): Illuminate/Session/Middleware/StartSession->handleStatefulRequest(Object(Illuminate/Http/Request), Object(Illuminate/Session/Store), Object(Closure))
#36 C:/Documents/Herd/Thesis Monitoring/vendor/laravel/framework/src/Illuminate/Pipeline/Pipeline.php(219): Illuminate/Session/Middleware/StartSession->handle(Object(Illuminate/Http/Request), Object(Closure))
#37 C:/Documents/Herd/Thesis Monitoring/vendor/laravel/framework/src/Illuminate/Cookie/Middleware/AddQueuedCookiesToResponse.php(36): Illuminate/Pipeline/Pipeline->Illuminate/Pipeline/{closure}(Object(Illuminate/Http/Request))
#38 C:/Documents/Herd/Thesis Monitoring/vendor/laravel/framework/src/Illuminate/Pipeline/Pipeline.php(219): Illuminate/Cookie/Middleware/AddQueuedCookiesToResponse->handle(Object(Illuminate/Http/Request), Object(Closure))
#39 C:/Documents/Herd/Thesis Monitoring/vendor/laravel/framework/src/Illuminate/Cookie/Middleware/EncryptCookies.php(74): Illuminate/Pipeline/Pipeline->Illuminate/Pipeline/{closure}(Object(Illuminate/Http/Request))
#40 C:/Documents/Herd/Thesis Monitoring/vendor/laravel/framework/src/Illuminate/Pipeline/Pipeline.php(219): Illuminate/Cookie/Middleware/EncryptCookies->handle(Object(Illuminate/Http/Request), Object(Closure))
#41 C:/Documents/Herd/Thesis Monitoring/vendor/laravel/framework/src/Illuminate/Pipeline/Pipeline.php(137): Illuminate/Pipeline/Pipeline->Illuminate/Pipeline/{closure}(Object(Illuminate/Http/Request))
#42 C:/Documents/Herd/Thesis Monitoring/vendor/laravel/framework/src/Illuminate/Routing/Router.php(821): Illuminate/Pipeline/Pipeline->then(Object(Closure))
#43 C:/Documents/Herd/Thesis Monitoring/vendor/laravel/framework/src/Illuminate/Routing/Router.php(800): Illuminate/Routing/Router->runRouteWithinStack(Object(Illuminate/Routing/Route), Object(Illuminate/Http/Request))
#44 C:/Documents/Herd/Thesis Monitoring/vendor/laravel/framework/src/Illuminate/Routing/Router.php(764): Illuminate/Routing/Router->runRoute(Object(Illuminate/Http/Request), Object(Illuminate/Routing/Route))
#45 C:/Documents/Herd/Thesis Monitoring/vendor/laravel/framework/src/Illuminate/Routing/Router.php(753): Illuminate/Routing/Router->dispatchToRoute(Object(Illuminate/Http/Request))
#46 C:/Documents/Herd/Thesis Monitoring/vendor/laravel/framework/src/Illuminate/Foundation/Http/Kernel.php(200): Illuminate/Routing/Router->dispatch(Object(Illuminate/Http/Request))
#47 C:/Documents/Herd/Thesis Monitoring/vendor/laravel/framework/src/Illuminate/Pipeline/Pipeline.php(180): Illuminate/Foundation/Http/Kernel->Illuminate/Foundation/Http/{closure}(Object(Illuminate/Http/Request))
#48 C:/Documents/Herd/Thesis Monitoring/vendor/livewire/livewire/src/Features/SupportDisablingBackButtonCache/DisableBackButtonCacheMiddleware.php(19): Illuminate/Pipeline/Pipeline->Illuminate/Pipeline/{closure}(Object(Illuminate/Http/Request))
#49 C:/Documents/Herd/Thesis Monitoring/vendor/laravel/framework/src/Illuminate/Pipeline/Pipeline.php(219): Livewire/Features/SupportDisablingBackButtonCache/DisableBackButtonCacheMiddleware->handle(Object(Illuminate/Http/Request), Object(Closure))
#50 C:/Documents/Herd/Thesis Monitoring/vendor/laravel/framework/src/Illuminate/Foundation/Http/Middleware/ConvertEmptyStringsToNull.php(27): Illuminate/Pipeline/Pipeline->Illuminate/Pipeline/{closure}(Object(Illuminate/Http/Request))
#51 C:/Documents/Herd/Thesis Monitoring/vendor/laravel/framework/src/Illuminate/Pipeline/Pipeline.php(219): Illuminate/Foundation/Http/Middleware/ConvertEmptyStringsToNull->handle(Object(Illuminate/Http/Request), Object(Closure))
#52 C:/Documents/Herd/Thesis Monitoring/vendor/laravel/framework/src/Illuminate/Foundation/Http/Middleware/TrimStrings.php(47): Illuminate/Pipeline/Pipeline->Illuminate/Pipeline/{closure}(Object(Illuminate/Http/Request))
#53 C:/Documents/Herd/Thesis Monitoring/vendor/laravel/framework/src/Illuminate/Pipeline/Pipeline.php(219): Illuminate/Foundation/Http/Middleware/TrimStrings->handle(Object(Illuminate/Http/Request), Object(Closure))
#54 C:/Documents/Herd/Thesis Monitoring/vendor/laravel/framework/src/Illuminate/Http/Middleware/ValidatePostSize.php(27): Illuminate/Pipeline/Pipeline->Illuminate/Pipeline/{closure}(Object(Illuminate/Http/Request))
#55 C:/Documents/Herd/Thesis Monitoring/vendor/laravel/framework/src/Illuminate/Pipeline/Pipeline.php(219): Illuminate/Http/Middleware/ValidatePostSize->handle(Object(Illuminate/Http/Request), Object(Closure))
#56 C:/Documents/Herd/Thesis Monitoring/vendor/laravel/framework/src/Illuminate/Foundation/Http/Middleware/PreventRequestsDuringMaintenance.php(109): Illuminate/Pipeline/Pipeline->Illuminate/Pipeline/{closure}(Object(Illuminate/Http/Request))
#57 C:/Documents/Herd/Thesis Monitoring/vendor/laravel/framework/src/Illuminate/Pipeline/Pipeline.php(219): Illuminate/Foundation/Http/Middleware/PreventRequestsDuringMaintenance->handle(Object(Illuminate/Http/Request), Object(Closure))
#58 C:/Documents/Herd/Thesis Monitoring/vendor/laravel/framework/src/Illuminate/Http/Middleware/HandleCors.php(61): Illuminate/Pipeline/Pipeline->Illuminate/Pipeline/{closure}(Object(Illuminate/Http/Request))
#59 C:/Documents/Herd/Thesis Monitoring/vendor/laravel/framework/src/Illuminate/Pipeline/Pipeline.php(219): Illuminate/Http/Middleware/HandleCors->handle(Object(Illuminate/Http/Request), Object(Closure))
#60 C:/Documents/Herd/Thesis Monitoring/vendor/laravel/framework/src/Illuminate/Http/Middleware/TrustProxies.php(58): Illuminate/Pipeline/Pipeline->Illuminate/Pipeline/{closure}(Object(Illuminate/Http/Request))
#61 C:/Documents/Herd/Thesis Monitoring/vendor/laravel/framework/src/Illuminate/Pipeline/Pipeline.php(219): Illuminate/Http/Middleware/TrustProxies->handle(Object(Illuminate/Http/Request), Object(Closure))
#62 C:/Documents/Herd/Thesis Monitoring/vendor/laravel/framework/src/Illuminate/Foundation/Http/Middleware/InvokeDeferredCallbacks.php(22): Illuminate/Pipeline/Pipeline->Illuminate/Pipeline/{closure}(Object(Illuminate/Http/Request))
#63 C:/Documents/Herd/Thesis Monitoring/vendor/laravel/framework/src/Illuminate/Pipeline/Pipeline.php(219): Illuminate/Foundation/Http/Middleware/InvokeDeferredCallbacks->handle(Object(Illuminate/Http/Request), Object(Closure))
#64 C:/Documents/Herd/Thesis Monitoring/vendor/laravel/framework/src/Illuminate/Http/Middleware/ValidatePathEncoding.php(26): Illuminate/Pipeline/Pipeline->Illuminate/Pipeline/{closure}(Object(Illuminate/Http/Request))
#65 C:/Documents/Herd/Thesis Monitoring/vendor/laravel/framework/src/Illuminate/Pipeline/Pipeline.php(219): Illuminate/Http/Middleware/ValidatePathEncoding->handle(Object(Illuminate/Http/Request), Object(Closure))
#66 C:/Documents/Herd/Thesis Monitoring/vendor/laravel/framework/src/Illuminate/Pipeline/Pipeline.php(137): Illuminate/Pipeline/Pipeline->Illuminate/Pipeline/{closure}(Object(Illuminate/Http/Request))
#67 C:/Documents/Herd/Thesis Monitoring/vendor/laravel/framework/src/Illuminate/Foundation/Http/Kernel.php(175): Illuminate/Pipeline/Pipeline->then(Object(Closure))
#68 C:/Documents/Herd/Thesis Monitoring/vendor/laravel/framework/src/Illuminate/Foundation/Http/Kernel.php(144): Illuminate/Foundation/Http/Kernel->sendRequestThroughRouter(Object(Illuminate/Http/Request))
#69 C:/Documents/Herd/Thesis Monitoring/vendor/laravel/framework/src/Illuminate/Foundation/Application.php(1220): Illuminate/Foundation/Http/Kernel->handle(Object(Illuminate/Http/Request))
#70 C:/Documents/Herd/Thesis Monitoring/public/index.php(20): Illuminate/Foundation/Application->handleRequest(Object(Illuminate/Http/Request))
#71 C:/Documents/Herd/Thesis Monitoring/vendor/laravel/framework/src/Illuminate/Foundation/resources/server.php(23): require_once('C://Documents//He...')
#72 {main}
"} 
[2026-09-22 15:54:39] local.ERROR: Call to undefined method App\Models\Cohort::students() {"userId":1,"exception":"[object] (BadMethodCallException(code: 0): Call to undefined method App\\Models\\Cohort::students() at C:/Documents/Herd/Thesis Monitoring/vendor/laravel/framework/src/Illuminate/Support/Traits/ForwardsCalls.php:67)
[stacktrace]
#0 C:/Documents/Herd/Thesis Monitoring/vendor/laravel/framework/src/Illuminate/Support/Traits/ForwardsCalls.php(36): Illuminate/Database/Eloquent/Model::throwBadMethodCallException('students')
#1 C:/Documents/Herd/Thesis Monitoring/vendor/laravel/framework/src/Illuminate/Database/Eloquent/Model.php(2544): Illuminate/Database/Eloquent/Model->forwardCallTo(Object(Illuminate/Database/Eloquent/Builder), 'students', Array)
#2 C:/Documents/Herd/Thesis Monitoring/vendor/laravel/framework/src/Illuminate/Database/Eloquent/Concerns/QueriesRelationships.php(1124): Illuminate/Database/Eloquent/Model->__call('students', Array)
#3 C:/Documents/Herd/Thesis Monitoring/vendor/laravel/framework/src/Illuminate/Database/Eloquent/Relations/Relation.php(119): Illuminate/Database/Eloquent/Builder->Illuminate/Database/Eloquent/Concerns/{closure}()
#4 C:/Documents/Herd/Thesis Monitoring/vendor/laravel/framework/src/Illuminate/Database/Eloquent/Concerns/QueriesRelationships.php(1123): Illuminate/Database/Eloquent/Relations/Relation::noConstraints(Object(Closure))
#5 C:/Documents/Herd/Thesis Monitoring/vendor/laravel/framework/src/Illuminate/Database/Eloquent/Concerns/QueriesRelationships.php(874): Illuminate/Database/Eloquent/Builder->getRelationWithoutConstraints('students')
#6 C:/Documents/Herd/Thesis Monitoring/vendor/laravel/framework/src/Illuminate/Database/Eloquent/Concerns/QueriesRelationships.php(967): Illuminate/Database/Eloquent/Builder->withAggregate(Array, '*', 'count')
#7 C:/Documents/Herd/Thesis Monitoring/vendor/laravel/framework/src/Illuminate/Support/Traits/ForwardsCalls.php(23): Illuminate/Database/Eloquent/Builder->withCount('students')
#8 C:/Documents/Herd/Thesis Monitoring/vendor/laravel/framework/src/Illuminate/Database/Eloquent/Model.php(2544): Illuminate/Database/Eloquent/Model->forwardCallTo(Object(Illuminate/Database/Eloquent/Builder), 'withCount', Array)
#9 C:/Documents/Herd/Thesis Monitoring/vendor/laravel/framework/src/Illuminate/Database/Eloquent/Model.php(2560): Illuminate/Database/Eloquent/Model->__call('withCount', Array)
#10 C:/Documents/Herd/Thesis Monitoring/app/Livewire/AdminDashboard.php(107): Illuminate/Database/Eloquent/Model::__callStatic('withCount', Array)
#11 C:/Documents/Herd/Thesis Monitoring/vendor/laravel/framework/src/Illuminate/Container/BoundMethod.php(36): App/Livewire/AdminDashboard->render()
#12 C:/Documents/Herd/Thesis Monitoring/vendor/laravel/framework/src/Illuminate/Container/Util.php(43): Illuminate/Container/BoundMethod::Illuminate/Container/{closure}()
#13 C:/Documents/Herd/Thesis Monitoring/vendor/laravel/framework/src/Illuminate/Container/BoundMethod.php(96): Illuminate/Container/Util::unwrapIfClosure(Object(Closure))
#14 C:/Documents/Herd/Thesis Monitoring/vendor/laravel/framework/src/Illuminate/Container/BoundMethod.php(35): Illuminate/Container/BoundMethod::callBoundMethod(Object(Illuminate/Foundation/Application), Array, Object(Closure))
#15 C:/Documents/Herd/Thesis Monitoring/vendor/livewire/livewire/src/Wrapped.php(23): Illuminate/Container/BoundMethod::call(Object(Illuminate/Foundation/Application), Array, Array)
#16 C:/Documents/Herd/Thesis Monitoring/vendor/livewire/livewire/src/Mechanisms/HandleComponents/HandleComponents.php(366): Livewire/Wrapped->__call('render', Array)
#17 C:/Documents/Herd/Thesis Monitoring/vendor/livewire/livewire/src/Mechanisms/HandleComponents/HandleComponents.php(323): Livewire/Mechanisms/HandleComponents/HandleComponents->getView(Object(App/Livewire/AdminDashboard))
#18 C:/Documents/Herd/Thesis Monitoring/vendor/livewire/livewire/src/Mechanisms/HandleComponents/HandleComponents.php(227): Livewire/Mechanisms/HandleComponents/HandleComponents->render(Object(App/Livewire/AdminDashboard))
#19 C:/Documents/Herd/Thesis Monitoring/vendor/livewire/livewire/src/LivewireManager.php(132): Livewire/Mechanisms/HandleComponents/HandleComponents->update(Array, Array, Array)
#20 C:/Documents/Herd/Thesis Monitoring/vendor/livewire/livewire/src/Mechanisms/HandleRequests/HandleRequests.php(220): Livewire/LivewireManager->update(Array, Array, Array)
#21 C:/Documents/Herd/Thesis Monitoring/vendor/laravel/framework/src/Illuminate/Routing/ControllerDispatcher.php(46): Livewire/Mechanisms/HandleRequests/HandleRequests->handleUpdate()
#22 C:/Documents/Herd/Thesis Monitoring/vendor/laravel/framework/src/Illuminate/Routing/Route.php(265): Illuminate/Routing/ControllerDispatcher->dispatch(Object(Illuminate/Routing/Route), Object(Livewire/Mechanisms/HandleRequests/HandleRequests), 'handleUpdate')
#23 C:/Documents/Herd/Thesis Monitoring/vendor/laravel/framework/src/Illuminate/Routing/Route.php(211): Illuminate/Routing/Route->runController()
#24 C:/Documents/Herd/Thesis Monitoring/vendor/laravel/framework/src/Illuminate/Routing/Router.php(822): Illuminate/Routing/Route->run()
#25 C:/Documents/Herd/Thesis Monitoring/vendor/laravel/framework/src/Illuminate/Pipeline/Pipeline.php(180): Illuminate/Routing/Router->Illuminate/Routing/{closure}(Object(Illuminate/Http/Request))
#26 C:/Documents/Herd/Thesis Monitoring/vendor/livewire/livewire/src/Mechanisms/HandleRequests/RequireLivewireHeaders.php(19): Illuminate/Pipeline/Pipeline->Illuminate/Pipeline/{closure}(Object(Illuminate/Http/Request))
#27 C:/Documents/Herd/Thesis Monitoring/vendor/laravel/framework/src/Illuminate/Pipeline/Pipeline.php(219): Livewire/Mechanisms/HandleRequests/RequireLivewireHeaders->handle(Object(Illuminate/Http/Request), Object(Closure))
#28 C:/Documents/Herd/Thesis Monitoring/vendor/laravel/framework/src/Illuminate/Routing/Middleware/SubstituteBindings.php(50): Illuminate/Pipeline/Pipeline->Illuminate/Pipeline/{closure}(Object(Illuminate/Http/Request))
#29 C:/Documents/Herd/Thesis Monitoring/vendor/laravel/framework/src/Illuminate/Pipeline/Pipeline.php(219): Illuminate/Routing/Middleware/SubstituteBindings->handle(Object(Illuminate/Http/Request), Object(Closure))
#30 C:/Documents/Herd/Thesis Monitoring/vendor/laravel/framework/src/Illuminate/Foundation/Http/Middleware/VerifyCsrfToken.php(87): Illuminate/Pipeline/Pipeline->Illuminate/Pipeline/{closure}(Object(Illuminate/Http/Request))
#31 C:/Documents/Herd/Thesis Monitoring/vendor/laravel/framework/src/Illuminate/Pipeline/Pipeline.php(219): Illuminate/Foundation/Http/Middleware/VerifyCsrfToken->handle(Object(Illuminate/Http/Request), Object(Closure))
#32 C:/Documents/Herd/Thesis Monitoring/vendor/laravel/framework/src/Illuminate/View/Middleware/ShareErrorsFromSession.php(48): Illuminate/Pipeline/Pipeline->Illuminate/Pipeline/{closure}(Object(Illuminate/Http/Request))
#33 C:/Documents/Herd/Thesis Monitoring/vendor/laravel/framework/src/Illuminate/Pipeline/Pipeline.php(219): Illuminate/View/Middleware/ShareErrorsFromSession->handle(Object(Illuminate/Http/Request), Object(Closure))
#34 C:/Documents/Herd/Thesis Monitoring/vendor/laravel/framework/src/Illuminate/Session/Middleware/StartSession.php(120): Illuminate/Pipeline/Pipeline->Illuminate/Pipeline/{closure}(Object(Illuminate/Http/Request))
#35 C:/Documents/Herd/Thesis Monitoring/vendor/laravel/framework/src/Illuminate/Session/Middleware/StartSession.php(63): Illuminate/Session/Middleware/StartSession->handleStatefulRequest(Object(Illuminate/Http/Request), Object(Illuminate/Session/Store), Object(Closure))
#36 C:/Documents/Herd/Thesis Monitoring/vendor/laravel/framework/src/Illuminate/Pipeline/Pipeline.php(219): Illuminate/Session/Middleware/StartSession->handle(Object(Illuminate/Http/Request), Object(Closure))
#37 C:/Documents/Herd/Thesis Monitoring/vendor/laravel/framework/src/Illuminate/Cookie/Middleware/AddQueuedCookiesToResponse.php(36): Illuminate/Pipeline/Pipeline->Illuminate/Pipeline/{closure}(Object(Illuminate/Http/Request))
#38 C:/Documents/Herd/Thesis Monitoring/vendor/laravel/framework/src/Illuminate/Pipeline/Pipeline.php(219): Illuminate/Cookie/Middleware/AddQueuedCookiesToResponse->handle(Object(Illuminate/Http/Request), Object(Closure))
#39 C:/Documents/Herd/Thesis Monitoring/vendor/laravel/framework/src/Illuminate/Cookie/Middleware/EncryptCookies.php(74): Illuminate/Pipeline/Pipeline->Illuminate/Pipeline/{closure}(Object(Illuminate/Http/Request))
#40 C:/Documents/Herd/Thesis Monitoring/vendor/laravel/framework/src/Illuminate/Pipeline/Pipeline.php(219): Illuminate/Cookie/Middleware/EncryptCookies->handle(Object(Illuminate/Http/Request), Object(Closure))
#41 C:/Documents/Herd/Thesis Monitoring/vendor/laravel/framework/src/Illuminate/Pipeline/Pipeline.php(137): Illuminate/Pipeline/Pipeline->Illuminate/Pipeline/{closure}(Object(Illuminate/Http/Request))
#42 C:/Documents/Herd/Thesis Monitoring/vendor/laravel/framework/src/Illuminate/Routing/Router.php(821): Illuminate/Pipeline/Pipeline->then(Object(Closure))
#43 C:/Documents/Herd/Thesis Monitoring/vendor/laravel/framework/src/Illuminate/Routing/Router.php(800): Illuminate/Routing/Router->runRouteWithinStack(Object(Illuminate/Routing/Route), Object(Illuminate/Http/Request))
#44 C:/Documents/Herd/Thesis Monitoring/vendor/laravel/framework/src/Illuminate/Routing/Router.php(764): Illuminate/Routing/Router->runRoute(Object(Illuminate/Http/Request), Object(Illuminate/Routing/Route))
#45 C:/Documents/Herd/Thesis Monitoring/vendor/laravel/framework/src/Illuminate/Routing/Router.php(753): Illuminate/Routing/Router->dispatchToRoute(Object(Illuminate/Http/Request))
#46 C:/Documents/Herd/Thesis Monitoring/vendor/laravel/framework/src/Illuminate/Foundation/Http/Kernel.php(200): Illuminate/Routing/Router->dispatch(Object(Illuminate/Http/Request))
#47 C:/Documents/Herd/Thesis Monitoring/vendor/laravel/framework/src/Illuminate/Pipeline/Pipeline.php(180): Illuminate/Foundation/Http/Kernel->Illuminate/Foundation/Http/{closure}(Object(Illuminate/Http/Request))
#48 C:/Documents/Herd/Thesis Monitoring/vendor/livewire/livewire/src/Features/SupportDisablingBackButtonCache/DisableBackButtonCacheMiddleware.php(19): Illuminate/Pipeline/Pipeline->Illuminate/Pipeline/{closure}(Object(Illuminate/Http/Request))
#49 C:/Documents/Herd/Thesis Monitoring/vendor/laravel/framework/src/Illuminate/Pipeline/Pipeline.php(219): Livewire/Features/SupportDisablingBackButtonCache/DisableBackButtonCacheMiddleware->handle(Object(Illuminate/Http/Request), Object(Closure))
#50 C:/Documents/Herd/Thesis Monitoring/vendor/laravel/framework/src/Illuminate/Foundation/Http/Middleware/ConvertEmptyStringsToNull.php(27): Illuminate/Pipeline/Pipeline->Illuminate/Pipeline/{closure}(Object(Illuminate/Http/Request))
#51 C:/Documents/Herd/Thesis Monitoring/vendor/laravel/framework/src/Illuminate/Pipeline/Pipeline.php(219): Illuminate/Foundation/Http/Middleware/ConvertEmptyStringsToNull->handle(Object(Illuminate/Http/Request), Object(Closure))
#52 C:/Documents/Herd/Thesis Monitoring/vendor/laravel/framework/src/Illuminate/Foundation/Http/Middleware/TrimStrings.php(47): Illuminate/Pipeline/Pipeline->Illuminate/Pipeline/{closure}(Object(Illuminate/Http/Request))
#53 C:/Documents/Herd/Thesis Monitoring/vendor/laravel/framework/src/Illuminate/Pipeline/Pipeline.php(219): Illuminate/Foundation/Http/Middleware/TrimStrings->handle(Object(Illuminate/Http/Request), Object(Closure))
#54 C:/Documents/Herd/Thesis Monitoring/vendor/laravel/framework/src/Illuminate/Http/Middleware/ValidatePostSize.php(27): Illuminate/Pipeline/Pipeline->Illuminate/Pipeline/{closure}(Object(Illuminate/Http/Request))
#55 C:/Documents/Herd/Thesis Monitoring/vendor/laravel/framework/src/Illuminate/Pipeline/Pipeline.php(219): Illuminate/Http/Middleware/ValidatePostSize->handle(Object(Illuminate/Http/Request), Object(Closure))
#56 C:/Documents/Herd/Thesis Monitoring/vendor/laravel/framework/src/Illuminate/Foundation/Http/Middleware/PreventRequestsDuringMaintenance.php(109): Illuminate/Pipeline/Pipeline->Illuminate/Pipeline/{closure}(Object(Illuminate/Http/Request))
#57 C:/Documents/Herd/Thesis Monitoring/vendor/laravel/framework/src/Illuminate/Pipeline/Pipeline.php(219): Illuminate/Foundation/Http/Middleware/PreventRequestsDuringMaintenance->handle(Object(Illuminate/Http/Request), Object(Closure))
#58 C:/Documents/Herd/Thesis Monitoring/vendor/laravel/framework/src/Illuminate/Http/Middleware/HandleCors.php(61): Illuminate/Pipeline/Pipeline->Illuminate/Pipeline/{closure}(Object(Illuminate/Http/Request))
#59 C:/Documents/Herd/Thesis Monitoring/vendor/laravel/framework/src/Illuminate/Pipeline/Pipeline.php(219): Illuminate/Http/Middleware/HandleCors->handle(Object(Illuminate/Http/Request), Object(Closure))
#60 C:/Documents/Herd/Thesis Monitoring/vendor/laravel/framework/src/Illuminate/Http/Middleware/TrustProxies.php(58): Illuminate/Pipeline/Pipeline->Illuminate/Pipeline/{closure}(Object(Illuminate/Http/Request))
#61 C:/Documents/Herd/Thesis Monitoring/vendor/laravel/framework/src/Illuminate/Pipeline/Pipeline.php(219): Illuminate/Http/Middleware/TrustProxies->handle(Object(Illuminate/Http/Request), Object(Closure))
#62 C:/Documents/Herd/Thesis Monitoring/vendor/laravel/framework/src/Illuminate/Foundation/Http/Middleware/InvokeDeferredCallbacks.php(22): Illuminate/Pipeline/Pipeline->Illuminate/Pipeline/{closure}(Object(Illuminate/Http/Request))
#63 C:/Documents/Herd/Thesis Monitoring/vendor/laravel/framework/src/Illuminate/Pipeline/Pipeline.php(219): Illuminate/Foundation/Http/Middleware/InvokeDeferredCallbacks->handle(Object(Illuminate/Http/Request), Object(Closure))
#64 C:/Documents/Herd/Thesis Monitoring/vendor/laravel/framework/src/Illuminate/Http/Middleware/ValidatePathEncoding.php(26): Illuminate/Pipeline/Pipeline->Illuminate/Pipeline/{closure}(Object(Illuminate/Http/Request))
#65 C:/Documents/Herd/Thesis Monitoring/vendor/laravel/framework/src/Illuminate/Pipeline/Pipeline.php(219): Illuminate/Http/Middleware/ValidatePathEncoding->handle(Object(Illuminate/Http/Request), Object(Closure))
#66 C:/Documents/Herd/Thesis Monitoring/vendor/laravel/framework/src/Illuminate/Pipeline/Pipeline.php(137): Illuminate/Pipeline/Pipeline->Illuminate/Pipeline/{closure}(Object(Illuminate/Http/Request))
#67 C:/Documents/Herd/Thesis Monitoring/vendor/laravel/framework/src/Illuminate/Foundation/Http/Kernel.php(175): Illuminate/Pipeline/Pipeline->then(Object(Closure))
#68 C:/Documents/Herd/Thesis Monitoring/vendor/laravel/framework/src/Illuminate/Foundation/Http/Kernel.php(144): Illuminate/Foundation/Http/Kernel->sendRequestThroughRouter(Object(Illuminate/Http/Request))
#69 C:/Documents/Herd/Thesis Monitoring/vendor/laravel/framework/src/Illuminate/Foundation/Application.php(1220): Illuminate/Foundation/Http/Kernel->handle(Object(Illuminate/Http/Request))
#70 C:/Documents/Herd/Thesis Monitoring/public/index.php(20): Illuminate/Foundation/Application->handleRequest(Object(Illuminate/Http/Request))
#71 C:/Documents/Herd/Thesis Monitoring/vendor/laravel/framework/src/Illuminate/Foundation/resources/server.php(23): require_once('C://Documents//He...')
#72 {main}
"} 
[2026-09-23 10:20:04] production.ERROR: could not find driver (Connection: pgsql, Host: postgres-hzsb.railway.internal, Port: 5432, Database: railway, SQL: select * from "acetel_roles" where "name" = Super Admin and "guard_name" = web limit 1) {"exception":"[object] (Illuminate\\Database\\QueryException(code: 0): could not find driver (Connection: pgsql, Host: postgres-hzsb.railway.internal, Port: 5432, Database: railway, SQL: select * from \"acetel_roles\" where \"name\" = Super Admin and \"guard_name\" = web limit 1) at C:/Documents/Herd/Thesis Monitoring/vendor/laravel/framework/src/Illuminate/Database/Connection.php:838)
[stacktrace]
#0 C:/Documents/Herd/Thesis Monitoring/vendor/laravel/framework/src/Illuminate/Database/Connection.php(794): Illuminate/Database/Connection->runQueryCallback('select * from \"...', Array, Object(Closure))
#1 C:/Documents/Herd/Thesis Monitoring/vendor/laravel/framework/src/Illuminate/Database/Connection.php(411): Illuminate/Database/Connection->run('select * from \"...', Array, Object(Closure))
#2 C:/Documents/Herd/Thesis Monitoring/vendor/laravel/framework/src/Illuminate/Database/Query/Builder.php(3505): Illuminate/Database/Connection->select('select * from \"...', Array, true)
#3 C:/Documents/Herd/Thesis Monitoring/vendor/laravel/framework/src/Illuminate/Database/Query/Builder.php(3490): Illuminate/Database/Query/Builder->runSelect()
#4 C:/Documents/Herd/Thesis Monitoring/vendor/laravel/framework/src/Illuminate/Database/Query/Builder.php(4080): Illuminate/Database/Query/Builder->Illuminate/Database/Query/{closure}()
#5 C:/Documents/Herd/Thesis Monitoring/vendor/laravel/framework/src/Illuminate/Database/Query/Builder.php(3489): Illuminate/Database/Query/Builder->onceWithColumns(Array, Object(Closure))
#6 C:/Documents/Herd/Thesis Monitoring/vendor/laravel/framework/src/Illuminate/Database/Eloquent/Builder.php(902): Illuminate/Database/Query/Builder->get(Array)
#7 C:/Documents/Herd/Thesis Monitoring/vendor/laravel/framework/src/Illuminate/Database/Eloquent/Builder.php(884): Illuminate/Database/Eloquent/Builder->getModels(Array)
#8 C:/Documents/Herd/Thesis Monitoring/vendor/laravel/framework/src/Illuminate/Database/Concerns/BuildsQueries.php(366): Illuminate/Database/Eloquent/Builder->get(Array)
#9 C:/Documents/Herd/Thesis Monitoring/vendor/spatie/laravel-permission/src/Models/Role.php(187): Illuminate/Database/Eloquent/Builder->first()
#10 C:/Documents/Herd/Thesis Monitoring/vendor/spatie/laravel-permission/src/Models/Role.php(63): Spatie/Permission/Models/Role::findByParam(Array)
#11 C:/Documents/Herd/Thesis Monitoring/database/seeders/DatabaseSeeder.php(18): Spatie/Permission/Models/Role::create(Array)
#12 C:/Documents/Herd/Thesis Monitoring/vendor/laravel/framework/src/Illuminate/Container/BoundMethod.php(36): Database/Seeders/DatabaseSeeder->run()
#13 C:/Documents/Herd/Thesis Monitoring/vendor/laravel/framework/src/Illuminate/Container/Util.php(43): Illuminate/Container/BoundMethod::Illuminate/Container/{closure}()
#14 C:/Documents/Herd/Thesis Monitoring/vendor/laravel/framework/src/Illuminate/Container/BoundMethod.php(96): Illuminate/Container/Util::unwrapIfClosure(Object(Closure))
#15 C:/Documents/Herd/Thesis Monitoring/vendor/laravel/framework/src/Illuminate/Container/BoundMethod.php(35): Illuminate/Container/BoundMethod::callBoundMethod(Object(Illuminate/Foundation/Application), Array, Object(Closure))
#16 C:/Documents/Herd/Thesis Monitoring/vendor/laravel/framework/src/Illuminate/Container/Container.php(799): Illuminate/Container/BoundMethod::call(Object(Illuminate/Foundation/Application), Array, Array, NULL)
#17 C:/Documents/Herd/Thesis Monitoring/vendor/laravel/framework/src/Illuminate/Database/Seeder.php(184): Illuminate/Container/Container->call(Array, Array)
#18 C:/Documents/Herd/Thesis Monitoring/vendor/laravel/framework/src/Illuminate/Database/Seeder.php(193): Illuminate/Database/Seeder->Illuminate/Database/{closure}()
#19 C:/Documents/Herd/Thesis Monitoring/vendor/laravel/framework/src/Illuminate/Database/Console/Seeds/SeedCommand.php(71): Illuminate/Database/Seeder->__invoke()
#20 C:/Documents/Herd/Thesis Monitoring/vendor/laravel/framework/src/Illuminate/Database/Eloquent/Concerns/GuardsAttributes.php(157): Illuminate/Database/Console/Seeds/SeedCommand->Illuminate/Database/Console/Seeds/{closure}()
#21 C:/Documents/Herd/Thesis Monitoring/vendor/laravel/framework/src/Illuminate/Database/Console/Seeds/SeedCommand.php(70): Illuminate/Database/Eloquent/Model::unguarded(Object(Closure))
#22 C:/Documents/Herd/Thesis Monitoring/vendor/laravel/framework/src/Illuminate/Container/BoundMethod.php(36): Illuminate/Database/Console/Seeds/SeedCommand->handle()
#23 C:/Documents/Herd/Thesis Monitoring/vendor/laravel/framework/src/Illuminate/Container/Util.php(43): Illuminate/Container/BoundMethod::Illuminate/Container/{closure}()
#24 C:/Documents/Herd/Thesis Monitoring/vendor/laravel/framework/src/Illuminate/Container/BoundMethod.php(96): Illuminate/Container/Util::unwrapIfClosure(Object(Closure))
#25 C:/Documents/Herd/Thesis Monitoring/vendor/laravel/framework/src/Illuminate/Container/BoundMethod.php(35): Illuminate/Container/BoundMethod::callBoundMethod(Object(Illuminate/Foundation/Application), Array, Object(Closure))
#26 C:/Documents/Herd/Thesis Monitoring/vendor/laravel/framework/src/Illuminate/Container/Container.php(799): Illuminate/Container/BoundMethod::call(Object(Illuminate/Foundation/Application), Array, Array, NULL)
#27 C:/Documents/Herd/Thesis Monitoring/vendor/laravel/framework/src/Illuminate/Console/Command.php(211): Illuminate/Container/Container->call(Array)
#28 C:/Documents/Herd/Thesis Monitoring/vendor/symfony/console/Command/Command.php(341): Illuminate/Console/Command->execute(Object(Symfony/Component/Console/Input/ArgvInput), Object(Illuminate/Console/OutputStyle))
#29 C:/Documents/Herd/Thesis Monitoring/vendor/laravel/framework/src/Illuminate/Console/Command.php(180): Symfony/Component/Console/Command/Command->run(Object(Symfony/Component/Console/Input/ArgvInput), Object(Illuminate/Console/OutputStyle))
#30 C:/Documents/Herd/Thesis Monitoring/vendor/symfony/console/Application.php(1117): Illuminate/Console/Command->run(Object(Symfony/Component/Console/Input/ArgvInput), Object(Symfony/Component/Console/Output/ConsoleOutput))
#31 C:/Documents/Herd/Thesis Monitoring/vendor/symfony/console/Application.php(356): Symfony/Component/Console/Application->doRunCommand(Object(Illuminate/Database/Console/Seeds/SeedCommand), Object(Symfony/Component/Console/Input/ArgvInput), Object(Symfony/Component/Console/Output/ConsoleOutput))
#32 C:/Documents/Herd/Thesis Monitoring/vendor/symfony/console/Application.php(195): Symfony/Component/Console/Application->doRun(Object(Symfony/Component/Console/Input/ArgvInput), Object(Symfony/Component/Console/Output/ConsoleOutput))
#33 C:/Documents/Herd/Thesis Monitoring/vendor/laravel/framework/src/Illuminate/Foundation/Console/Kernel.php(198): Symfony/Component/Console/Application->run(Object(Symfony/Component/Console/Input/ArgvInput), Object(Symfony/Component/Console/Output/ConsoleOutput))
#34 C:/Documents/Herd/Thesis Monitoring/vendor/laravel/framework/src/Illuminate/Foundation/Application.php(1235): Illuminate/Foundation/Console/Kernel->handle(Object(Symfony/Component/Console/Input/ArgvInput), Object(Symfony/Component/Console/Output/ConsoleOutput))
#35 C:/Documents/Herd/Thesis Monitoring/artisan(16): Illuminate/Foundation/Application->handleCommand(Object(Symfony/Component/Console/Input/ArgvInput))
#36 {main}

[previous exception] [object] (PDOException(code: 0): could not find driver at C:/Documents/Herd/Thesis Monitoring/vendor/laravel/framework/src/Illuminate/Database/Connectors/Connector.php:66)
[stacktrace]
#0 C:/Documents/Herd/Thesis Monitoring/vendor/laravel/framework/src/Illuminate/Database/Connectors/Connector.php(66): PDO->__construct('pgsql:host=post...', 'postgres', Object(SensitiveParameterValue), Array)
#1 C:/Documents/Herd/Thesis Monitoring/vendor/laravel/framework/src/Illuminate/Database/Connectors/Connector.php(44): Illuminate/Database/Connectors/Connector->createPdoConnection('pgsql:host=post...', 'postgres', Object(SensitiveParameterValue), Array)
#2 C:/Documents/Herd/Thesis Monitoring/vendor/laravel/framework/src/Illuminate/Database/Connectors/PostgresConnector.php(35): Illuminate/Database/Connectors/Connector->createConnection('pgsql:host=post...', Array, Array)
#3 C:/Documents/Herd/Thesis Monitoring/vendor/laravel/framework/src/Illuminate/Database/Connectors/ConnectionFactory.php(186): Illuminate/Database/Connectors/PostgresConnector->connect(Array)
#4 [internal function]: Illuminate/Database/Connectors/ConnectionFactory->Illuminate/Database/Connectors/{closure}()
#5 C:/Documents/Herd/Thesis Monitoring/vendor/laravel/framework/src/Illuminate/Database/Connection.php(1257): call_user_func(Object(Closure))
#6 C:/Documents/Herd/Thesis Monitoring/vendor/laravel/framework/src/Illuminate/Database/Connection.php(1295): Illuminate/Database/Connection->getPdo()
#7 C:/Documents/Herd/Thesis Monitoring/vendor/laravel/framework/src/Illuminate/Database/Connection.php(525): Illuminate/Database/Connection->getReadPdo()
#8 C:/Documents/Herd/Thesis Monitoring/vendor/laravel/framework/src/Illuminate/Database/Connection.php(420): Illuminate/Database/Connection->getPdoForSelect(true)
#9 C:/Documents/Herd/Thesis Monitoring/vendor/laravel/framework/src/Illuminate/Database/Connection.php(827): Illuminate/Database/Connection->Illuminate/Database/{closure}('select * from \"...', Array)
#10 C:/Documents/Herd/Thesis Monitoring/vendor/laravel/framework/src/Illuminate/Database/Connection.php(794): Illuminate/Database/Connection->runQueryCallback('select * from \"...', Array, Object(Closure))
#11 C:/Documents/Herd/Thesis Monitoring/vendor/laravel/framework/src/Illuminate/Database/Connection.php(411): Illuminate/Database/Connection->run('select * from \"...', Array, Object(Closure))
#12 C:/Documents/Herd/Thesis Monitoring/vendor/laravel/framework/src/Illuminate/Database/Query/Builder.php(3505): Illuminate/Database/Connection->select('select * from \"...', Array, true)
#13 C:/Documents/Herd/Thesis Monitoring/vendor/laravel/framework/src/Illuminate/Database/Query/Builder.php(3490): Illuminate/Database/Query/Builder->runSelect()
#14 C:/Documents/Herd/Thesis Monitoring/vendor/laravel/framework/src/Illuminate/Database/Query/Builder.php(4080): Illuminate/Database/Query/Builder->Illuminate/Database/Query/{closure}()
#15 C:/Documents/Herd/Thesis Monitoring/vendor/laravel/framework/src/Illuminate/Database/Query/Builder.php(3489): Illuminate/Database/Query/Builder->onceWithColumns(Array, Object(Closure))
#16 C:/Documents/Herd/Thesis Monitoring/vendor/laravel/framework/src/Illuminate/Database/Eloquent/Builder.php(902): Illuminate/Database/Query/Builder->get(Array)
#17 C:/Documents/Herd/Thesis Monitoring/vendor/laravel/framework/src/Illuminate/Database/Eloquent/Builder.php(884): Illuminate/Database/Eloquent/Builder->getModels(Array)
#18 C:/Documents/Herd/Thesis Monitoring/vendor/laravel/framework/src/Illuminate/Database/Concerns/BuildsQueries.php(366): Illuminate/Database/Eloquent/Builder->get(Array)
#19 C:/Documents/Herd/Thesis Monitoring/vendor/spatie/laravel-permission/src/Models/Role.php(187): Illuminate/Database/Eloquent/Builder->first()
#20 C:/Documents/Herd/Thesis Monitoring/vendor/spatie/laravel-permission/src/Models/Role.php(63): Spatie/Permission/Models/Role::findByParam(Array)
#21 C:/Documents/Herd/Thesis Monitoring/database/seeders/DatabaseSeeder.php(18): Spatie/Permission/Models/Role::create(Array)
#22 C:/Documents/Herd/Thesis Monitoring/vendor/laravel/framework/src/Illuminate/Container/BoundMethod.php(36): Database/Seeders/DatabaseSeeder->run()
#23 C:/Documents/Herd/Thesis Monitoring/vendor/laravel/framework/src/Illuminate/Container/Util.php(43): Illuminate/Container/BoundMethod::Illuminate/Container/{closure}()
#24 C:/Documents/Herd/Thesis Monitoring/vendor/laravel/framework/src/Illuminate/Container/BoundMethod.php(96): Illuminate/Container/Util::unwrapIfClosure(Object(Closure))
#25 C:/Documents/Herd/Thesis Monitoring/vendor/laravel/framework/src/Illuminate/Container/BoundMethod.php(35): Illuminate/Container/BoundMethod::callBoundMethod(Object(Illuminate/Foundation/Application), Array, Object(Closure))
#26 C:/Documents/Herd/Thesis Monitoring/vendor/laravel/framework/src/Illuminate/Container/Container.php(799): Illuminate/Container/BoundMethod::call(Object(Illuminate/Foundation/Application), Array, Array, NULL)
#27 C:/Documents/Herd/Thesis Monitoring/vendor/laravel/framework/src/Illuminate/Database/Seeder.php(184): Illuminate/Container/Container->call(Array, Array)
#28 C:/Documents/Herd/Thesis Monitoring/vendor/laravel/framework/src/Illuminate/Database/Seeder.php(193): Illuminate/Database/Seeder->Illuminate/Database/{closure}()
#29 C:/Documents/Herd/Thesis Monitoring/vendor/laravel/framework/src/Illuminate/Database/Console/Seeds/SeedCommand.php(71): Illuminate/Database/Seeder->__invoke()
#30 C:/Documents/Herd/Thesis Monitoring/vendor/laravel/framework/src/Illuminate/Database/Eloquent/Concerns/GuardsAttributes.php(157): Illuminate/Database/Console/Seeds/SeedCommand->Illuminate/Database/Console/Seeds/{closure}()
#31 C:/Documents/Herd/Thesis Monitoring/vendor/laravel/framework/src/Illuminate/Database/Console/Seeds/SeedCommand.php(70): Illuminate/Database/Eloquent/Model::unguarded(Object(Closure))
#32 C:/Documents/Herd/Thesis Monitoring/vendor/laravel/framework/src/Illuminate/Container/BoundMethod.php(36): Illuminate/Database/Console/Seeds/SeedCommand->handle()
#33 C:/Documents/Herd/Thesis Monitoring/vendor/laravel/framework/src/Illuminate/Container/Util.php(43): Illuminate/Container/BoundMethod::Illuminate/Container/{closure}()
#34 C:/Documents/Herd/Thesis Monitoring/vendor/laravel/framework/src/Illuminate/Container/BoundMethod.php(96): Illuminate/Container/Util::unwrapIfClosure(Object(Closure))
#35 C:/Documents/Herd/Thesis Monitoring/vendor/laravel/framework/src/Illuminate/Container/BoundMethod.php(35): Illuminate/Container/BoundMethod::callBoundMethod(Object(Illuminate/Foundation/Application), Array, Object(Closure))
#36 C:/Documents/Herd/Thesis Monitoring/vendor/laravel/framework/src/Illuminate/Container/Container.php(799): Illuminate/Container/BoundMethod::call(Object(Illuminate/Foundation/Application), Array, Array, NULL)
#37 C:/Documents/Herd/Thesis Monitoring/vendor/laravel/framework/src/Illuminate/Console/Command.php(211): Illuminate/Container/Container->call(Array)
#38 C:/Documents/Herd/Thesis Monitoring/vendor/symfony/console/Command/Command.php(341): Illuminate/Console/Command->execute(Object(Symfony/Component/Console/Input/ArgvInput), Object(Illuminate/Console/OutputStyle))
#39 C:/Documents/Herd/Thesis Monitoring/vendor/laravel/framework/src/Illuminate/Console/Command.php(180): Symfony/Component/Console/Command/Command->run(Object(Symfony/Component/Console/Input/ArgvInput), Object(Illuminate/Console/OutputStyle))
#40 C:/Documents/Herd/Thesis Monitoring/vendor/symfony/console/Application.php(1117): Illuminate/Console/Command->run(Object(Symfony/Component/Console/Input/ArgvInput), Object(Symfony/Component/Console/Output/ConsoleOutput))
#41 C:/Documents/Herd/Thesis Monitoring/vendor/symfony/console/Application.php(356): Symfony/Component/Console/Application->doRunCommand(Object(Illuminate/Database/Console/Seeds/SeedCommand), Object(Symfony/Component/Console/Input/ArgvInput), Object(Symfony/Component/Console/Output/ConsoleOutput))
#42 C:/Documents/Herd/Thesis Monitoring/vendor/symfony/console/Application.php(195): Symfony/Component/Console/Application->doRun(Object(Symfony/Component/Console/Input/ArgvInput), Object(Symfony/Component/Console/Output/ConsoleOutput))
#43 C:/Documents/Herd/Thesis Monitoring/vendor/laravel/framework/src/Illuminate/Foundation/Console/Kernel.php(198): Symfony/Component/Console/Application->run(Object(Symfony/Component/Console/Input/ArgvInput), Object(Symfony/Component/Console/Output/ConsoleOutput))
#44 C:/Documents/Herd/Thesis Monitoring/vendor/laravel/framework/src/Illuminate/Foundation/Application.php(1235): Illuminate/Foundation/Console/Kernel->handle(Object(Symfony/Component/Console/Input/ArgvInput), Object(Symfony/Component/Console/Output/ConsoleOutput))
#45 C:/Documents/Herd/Thesis Monitoring/artisan(16): Illuminate/Foundation/Application->handleCommand(Object(Symfony/Component/Console/Input/ArgvInput))
#46 {main}
"} 
[2026-09-23 11:00:11] local.ERROR: PHP Parse error: Syntax error, unexpected T_NS_SEPARATOR on line 1 {"exception":"[object] (Psy\\Exception\\ParseErrorException(code: 0): PHP Parse error: Syntax error, unexpected T_NS_SEPARATOR on line 1 at C:/Documents/Herd/Thesis Monitoring/vendor/psy/psysh/src/Exception/ParseErrorException.php:44)
[stacktrace]
#0 C:/Documents/Herd/Thesis Monitoring/vendor/psy/psysh/src/CodeCleaner.php(657): Psy/Exception/ParseErrorException::fromParseError(Object(PhpParser/Error))
#1 C:/Documents/Herd/Thesis Monitoring/vendor/psy/psysh/src/CodeCleaner.php(273): Psy/CodeCleaner->parse('<?php dump(Illu...', false)
#2 C:/Documents/Herd/Thesis Monitoring/vendor/psy/psysh/src/Shell.php(1399): Psy/CodeCleaner->clean(Array, false)
#3 C:/Documents/Herd/Thesis Monitoring/vendor/psy/psysh/src/Shell.php(1506): Psy/Shell->appendCode('dump(Illuminate...', true, false)
#4 C:/Documents/Herd/Thesis Monitoring/vendor/psy/psysh/src/Shell.php(2215): Psy/Shell->setCode('dump(Illuminate...', true)
#5 C:/Documents/Herd/Thesis Monitoring/vendor/laravel/tinker/src/Console/TinkerCommand.php(77): Psy/Shell->execute('dump(Illuminate...')
#6 C:/Documents/Herd/Thesis Monitoring/vendor/laravel/framework/src/Illuminate/Container/BoundMethod.php(36): Laravel/Tinker/Console/TinkerCommand->handle()
#7 C:/Documents/Herd/Thesis Monitoring/vendor/laravel/framework/src/Illuminate/Container/Util.php(43): Illuminate/Container/BoundMethod::Illuminate/Container/{closure}()
#8 C:/Documents/Herd/Thesis Monitoring/vendor/laravel/framework/src/Illuminate/Container/BoundMethod.php(96): Illuminate/Container/Util::unwrapIfClosure(Object(Closure))
#9 C:/Documents/Herd/Thesis Monitoring/vendor/laravel/framework/src/Illuminate/Container/BoundMethod.php(35): Illuminate/Container/BoundMethod::callBoundMethod(Object(Illuminate/Foundation/Application), Array, Object(Closure))
#10 C:/Documents/Herd/Thesis Monitoring/vendor/laravel/framework/src/Illuminate/Container/Container.php(799): Illuminate/Container/BoundMethod::call(Object(Illuminate/Foundation/Application), Array, Array, NULL)
#11 C:/Documents/Herd/Thesis Monitoring/vendor/laravel/framework/src/Illuminate/Console/Command.php(211): Illuminate/Container/Container->call(Array)
#12 C:/Documents/Herd/Thesis Monitoring/vendor/symfony/console/Command/Command.php(341): Illuminate/Console/Command->execute(Object(Symfony/Component/Console/Input/ArgvInput), Object(Illuminate/Console/OutputStyle))
#13 C:/Documents/Herd/Thesis Monitoring/vendor/laravel/framework/src/Illuminate/Console/Command.php(180): Symfony/Component/Console/Command/Command->run(Object(Symfony/Component/Console/Input/ArgvInput), Object(Illuminate/Console/OutputStyle))
#14 C:/Documents/Herd/Thesis Monitoring/vendor/symfony/console/Application.php(1117): Illuminate/Console/Command->run(Object(Symfony/Component/Console/Input/ArgvInput), Object(Symfony/Component/Console/Output/ConsoleOutput))
#15 C:/Documents/Herd/Thesis Monitoring/vendor/symfony/console/Application.php(356): Symfony/Component/Console/Application->doRunCommand(Object(Laravel/Tinker/Console/TinkerCommand), Object(Symfony/Component/Console/Input/ArgvInput), Object(Symfony/Component/Console/Output/ConsoleOutput))
#16 C:/Documents/Herd/Thesis Monitoring/vendor/symfony/console/Application.php(195): Symfony/Component/Console/Application->doRun(Object(Symfony/Component/Console/Input/ArgvInput), Object(Symfony/Component/Console/Output/ConsoleOutput))
#17 C:/Documents/Herd/Thesis Monitoring/vendor/laravel/framework/src/Illuminate/Foundation/Console/Kernel.php(198): Symfony/Component/Console/Application->run(Object(Symfony/Component/Console/Input/ArgvInput), Object(Symfony/Component/Console/Output/ConsoleOutput))
#18 C:/Documents/Herd/Thesis Monitoring/vendor/laravel/framework/src/Illuminate/Foundation/Application.php(1235): Illuminate/Foundation/Console/Kernel->handle(Object(Symfony/Component/Console/Input/ArgvInput), Object(Symfony/Component/Console/Output/ConsoleOutput))
#19 C:/Documents/Herd/Thesis Monitoring/artisan(16): Illuminate/Foundation/Application->handleCommand(Object(Symfony/Component/Console/Input/ArgvInput))
#20 {main}
"} 
[2026-09-23 11:41:38] local.ERROR: SQLSTATE[HY000]: General error: 1 table supervisors has no column named specialization (Connection: sqlite, Database: C:\Documents\Herd\Thesis Monitoring\database\database.sqlite, SQL: insert into "supervisors" ("user_id", "department", "specialization", "max_students", "updated_at", "created_at") values (83, ACETEL, General, 5, 2026-09-23 11:41:38, 2026-09-23 11:41:38)) {"exception":"[object] (Illuminate\\Database\\QueryException(code: HY000): SQLSTATE[HY000]: General error: 1 table supervisors has no column named specialization (Connection: sqlite, Database: C:\\Documents\\Herd\\Thesis Monitoring\\database\\database.sqlite, SQL: insert into \"supervisors\" (\"user_id\", \"department\", \"specialization\", \"max_students\", \"updated_at\", \"created_at\") values (83, ACETEL, General, 5, 2026-09-23 11:41:38, 2026-09-23 11:41:38)) at C:/Documents/Herd/Thesis Monitoring/vendor/laravel/framework/src/Illuminate/Database/Connection.php:838)
[stacktrace]
#0 C:/Documents/Herd/Thesis Monitoring/vendor/laravel/framework/src/Illuminate/Database/Connection.php(794): Illuminate/Database/Connection->runQueryCallback('insert into \"su...', Array, Object(Closure))
#1 C:/Documents/Herd/Thesis Monitoring/vendor/laravel/framework/src/Illuminate/Database/Connection.php(573): Illuminate/Database/Connection->run('insert into \"su...', Array, Object(Closure))
#2 C:/Documents/Herd/Thesis Monitoring/vendor/laravel/framework/src/Illuminate/Database/Connection.php(537): Illuminate/Database/Connection->statement('insert into \"su...', Array)
#3 C:/Documents/Herd/Thesis Monitoring/vendor/laravel/framework/src/Illuminate/Database/Query/Processors/Processor.php(32): Illuminate/Database/Connection->insert('insert into \"su...', Array)
#4 C:/Documents/Herd/Thesis Monitoring/vendor/laravel/framework/src/Illuminate/Database/Query/Builder.php(4170): Illuminate/Database/Query/Processors/Processor->processInsertGetId(Object(Illuminate/Database/Query/Builder), 'insert into \"su...', Array, 'id')
#5 C:/Documents/Herd/Thesis Monitoring/vendor/laravel/framework/src/Illuminate/Database/Eloquent/Builder.php(2237): Illuminate/Database/Query/Builder->insertGetId(Array, 'id')
#6 C:/Documents/Herd/Thesis Monitoring/vendor/laravel/framework/src/Illuminate/Database/Eloquent/Model.php(1436): Illuminate/Database/Eloquent/Builder->__call('insertGetId', Array)
#7 C:/Documents/Herd/Thesis Monitoring/vendor/laravel/framework/src/Illuminate/Database/Eloquent/Model.php(1401): Illuminate/Database/Eloquent/Model->insertAndSetId(Object(Illuminate/Database/Eloquent/Builder), Array)
#8 C:/Documents/Herd/Thesis Monitoring/vendor/laravel/framework/src/Illuminate/Database/Eloquent/Model.php(1240): Illuminate/Database/Eloquent/Model->performInsert(Object(Illuminate/Database/Eloquent/Builder))
#9 C:/Documents/Herd/Thesis Monitoring/vendor/laravel/framework/src/Illuminate/Database/Eloquent/Builder.php(1219): Illuminate/Database/Eloquent/Model->save()
#10 C:/Documents/Herd/Thesis Monitoring/vendor/laravel/framework/src/Illuminate/Support/helpers.php(393): Illuminate/Database/Eloquent/Builder->Illuminate/Database/Eloquent/{closure}(Object(App/Models/Supervisor))
#11 C:/Documents/Herd/Thesis Monitoring/vendor/laravel/framework/src/Illuminate/Database/Eloquent/Builder.php(1218): tap(Object(App/Models/Supervisor), Object(Closure))
#12 C:/Documents/Herd/Thesis Monitoring/vendor/laravel/framework/src/Illuminate/Database/Eloquent/Builder.php(725): Illuminate/Database/Eloquent/Builder->create(Array)
#13 C:/Documents/Herd/Thesis Monitoring/vendor/laravel/framework/src/Illuminate/Database/Eloquent/Builder.php(1961): Illuminate/Database/Eloquent/Builder->Illuminate/Database/Eloquent/{closure}()
#14 C:/Documents/Herd/Thesis Monitoring/vendor/laravel/framework/src/Illuminate/Database/Eloquent/Builder.php(725): Illuminate/Database/Eloquent/Builder->withSavepointIfNeeded(Object(Closure))
#15 C:/Documents/Herd/Thesis Monitoring/vendor/laravel/framework/src/Illuminate/Database/Eloquent/Builder.php(712): Illuminate/Database/Eloquent/Builder->createOrFirst(Array, Array)
#16 C:/Documents/Herd/Thesis Monitoring/vendor/laravel/framework/src/Illuminate/Support/Traits/ForwardsCalls.php(23): Illuminate/Database/Eloquent/Builder->firstOrCreate(Array, Array)
#17 C:/Documents/Herd/Thesis Monitoring/vendor/laravel/framework/src/Illuminate/Database/Eloquent/Model.php(2544): Illuminate/Database/Eloquent/Model->forwardCallTo(Object(Illuminate/Database/Eloquent/Builder), 'firstOrCreate', Array)
#18 C:/Documents/Herd/Thesis Monitoring/vendor/laravel/framework/src/Illuminate/Database/Eloquent/Model.php(2560): Illuminate/Database/Eloquent/Model->__call('firstOrCreate', Array)
#19 C:/Documents/Herd/Thesis Monitoring/app/Console/Commands/ImportSupervisors.php(90): Illuminate/Database/Eloquent/Model::__callStatic('firstOrCreate', Array)
#20 C:/Documents/Herd/Thesis Monitoring/vendor/laravel/framework/src/Illuminate/Container/BoundMethod.php(36): App/Console/Commands/ImportSupervisors->handle()
#21 C:/Documents/Herd/Thesis Monitoring/vendor/laravel/framework/src/Illuminate/Container/Util.php(43): Illuminate/Container/BoundMethod::Illuminate/Container/{closure}()
#22 C:/Documents/Herd/Thesis Monitoring/vendor/laravel/framework/src/Illuminate/Container/BoundMethod.php(96): Illuminate/Container/Util::unwrapIfClosure(Object(Closure))
#23 C:/Documents/Herd/Thesis Monitoring/vendor/laravel/framework/src/Illuminate/Container/BoundMethod.php(35): Illuminate/Container/BoundMethod::callBoundMethod(Object(Illuminate/Foundation/Application), Array, Object(Closure))
#24 C:/Documents/Herd/Thesis Monitoring/vendor/laravel/framework/src/Illuminate/Container/Container.php(799): Illuminate/Container/BoundMethod::call(Object(Illuminate/Foundation/Application), Array, Array, NULL)
#25 C:/Documents/Herd/Thesis Monitoring/vendor/laravel/framework/src/Illuminate/Console/Command.php(211): Illuminate/Container/Container->call(Array)
#26 C:/Documents/Herd/Thesis Monitoring/vendor/symfony/console/Command/Command.php(341): Illuminate/Console/Command->execute(Object(Symfony/Component/Console/Input/ArgvInput), Object(Illuminate/Console/OutputStyle))
#27 C:/Documents/Herd/Thesis Monitoring/vendor/laravel/framework/src/Illuminate/Console/Command.php(180): Symfony/Component/Console/Command/Command->run(Object(Symfony/Component/Console/Input/ArgvInput), Object(Illuminate/Console/OutputStyle))
#28 C:/Documents/Herd/Thesis Monitoring/vendor/symfony/console/Application.php(1117): Illuminate/Console/Command->run(Object(Symfony/Component/Console/Input/ArgvInput), Object(Symfony/Component/Console/Output/ConsoleOutput))
#29 C:/Documents/Herd/Thesis Monitoring/vendor/symfony/console/Application.php(356): Symfony/Component/Console/Application->doRunCommand(Object(App/Console/Commands/ImportSupervisors), Object(Symfony/Component/Console/Input/ArgvInput), Object(Symfony/Component/Console/Output/ConsoleOutput))
#30 C:/Documents/Herd/Thesis Monitoring/vendor/symfony/console/Application.php(195): Symfony/Component/Console/Application->doRun(Object(Symfony/Component/Console/Input/ArgvInput), Object(Symfony/Component/Console/Output/ConsoleOutput))
#31 C:/Documents/Herd/Thesis Monitoring/vendor/laravel/framework/src/Illuminate/Foundation/Console/Kernel.php(198): Symfony/Component/Console/Application->run(Object(Symfony/Component/Console/Input/ArgvInput), Object(Symfony/Component/Console/Output/ConsoleOutput))
#32 C:/Documents/Herd/Thesis Monitoring/vendor/laravel/framework/src/Illuminate/Foundation/Application.php(1235): Illuminate/Foundation/Console/Kernel->handle(Object(Symfony/Component/Console/Input/ArgvInput), Object(Symfony/Component/Console/Output/ConsoleOutput))
#33 C:/Documents/Herd/Thesis Monitoring/artisan(16): Illuminate/Foundation/Application->handleCommand(Object(Symfony/Component/Console/Input/ArgvInput))
#34 {main}

[previous exception] [object] (PDOException(code: HY000): SQLSTATE[HY000]: General error: 1 table supervisors has no column named specialization at C:/Documents/Herd/Thesis Monitoring/vendor/laravel/framework/src/Illuminate/Database/Connection.php:578)
[stacktrace]
#0 C:/Documents/Herd/Thesis Monitoring/vendor/laravel/framework/src/Illuminate/Database/Connection.php(578): PDO->prepare('insert into \"su...')
#1 C:/Documents/Herd/Thesis Monitoring/vendor/laravel/framework/src/Illuminate/Database/Connection.php(827): Illuminate/Database/Connection->Illuminate/Database/{closure}('insert into \"su...', Array)
#2 C:/Documents/Herd/Thesis Monitoring/vendor/laravel/framework/src/Illuminate/Database/Connection.php(794): Illuminate/Database/Connection->runQueryCallback('insert into \"su...', Array, Object(Closure))
#3 C:/Documents/Herd/Thesis Monitoring/vendor/laravel/framework/src/Illuminate/Database/Connection.php(573): Illuminate/Database/Connection->run('insert into \"su...', Array, Object(Closure))
#4 C:/Documents/Herd/Thesis Monitoring/vendor/laravel/framework/src/Illuminate/Database/Connection.php(537): Illuminate/Database/Connection->statement('insert into \"su...', Array)
#5 C:/Documents/Herd/Thesis Monitoring/vendor/laravel/framework/src/Illuminate/Database/Query/Processors/Processor.php(32): Illuminate/Database/Connection->insert('insert into \"su...', Array)
#6 C:/Documents/Herd/Thesis Monitoring/vendor/laravel/framework/src/Illuminate/Database/Query/Builder.php(4170): Illuminate/Database/Query/Processors/Processor->processInsertGetId(Object(Illuminate/Database/Query/Builder), 'insert into \"su...', Array, 'id')
#7 C:/Documents/Herd/Thesis Monitoring/vendor/laravel/framework/src/Illuminate/Database/Eloquent/Builder.php(2237): Illuminate/Database/Query/Builder->insertGetId(Array, 'id')
#8 C:/Documents/Herd/Thesis Monitoring/vendor/laravel/framework/src/Illuminate/Database/Eloquent/Model.php(1436): Illuminate/Database/Eloquent/Builder->__call('insertGetId', Array)
#9 C:/Documents/Herd/Thesis Monitoring/vendor/laravel/framework/src/Illuminate/Database/Eloquent/Model.php(1401): Illuminate/Database/Eloquent/Model->insertAndSetId(Object(Illuminate/Database/Eloquent/Builder), Array)
#10 C:/Documents/Herd/Thesis Monitoring/vendor/laravel/framework/src/Illuminate/Database/Eloquent/Model.php(1240): Illuminate/Database/Eloquent/Model->performInsert(Object(Illuminate/Database/Eloquent/Builder))
#11 C:/Documents/Herd/Thesis Monitoring/vendor/laravel/framework/src/Illuminate/Database/Eloquent/Builder.php(1219): Illuminate/Database/Eloquent/Model->save()
#12 C:/Documents/Herd/Thesis Monitoring/vendor/laravel/framework/src/Illuminate/Support/helpers.php(393): Illuminate/Database/Eloquent/Builder->Illuminate/Database/Eloquent/{closure}(Object(App/Models/Supervisor))
#13 C:/Documents/Herd/Thesis Monitoring/vendor/laravel/framework/src/Illuminate/Database/Eloquent/Builder.php(1218): tap(Object(App/Models/Supervisor), Object(Closure))
#14 C:/Documents/Herd/Thesis Monitoring/vendor/laravel/framework/src/Illuminate/Database/Eloquent/Builder.php(725): Illuminate/Database/Eloquent/Builder->create(Array)
#15 C:/Documents/Herd/Thesis Monitoring/vendor/laravel/framework/src/Illuminate/Database/Eloquent/Builder.php(1961): Illuminate/Database/Eloquent/Builder->Illuminate/Database/Eloquent/{closure}()
#16 C:/Documents/Herd/Thesis Monitoring/vendor/laravel/framework/src/Illuminate/Database/Eloquent/Builder.php(725): Illuminate/Database/Eloquent/Builder->withSavepointIfNeeded(Object(Closure))
#17 C:/Documents/Herd/Thesis Monitoring/vendor/laravel/framework/src/Illuminate/Database/Eloquent/Builder.php(712): Illuminate/Database/Eloquent/Builder->createOrFirst(Array, Array)
#18 C:/Documents/Herd/Thesis Monitoring/vendor/laravel/framework/src/Illuminate/Support/Traits/ForwardsCalls.php(23): Illuminate/Database/Eloquent/Builder->firstOrCreate(Array, Array)
#19 C:/Documents/Herd/Thesis Monitoring/vendor/laravel/framework/src/Illuminate/Database/Eloquent/Model.php(2544): Illuminate/Database/Eloquent/Model->forwardCallTo(Object(Illuminate/Database/Eloquent/Builder), 'firstOrCreate', Array)
#20 C:/Documents/Herd/Thesis Monitoring/vendor/laravel/framework/src/Illuminate/Database/Eloquent/Model.php(2560): Illuminate/Database/Eloquent/Model->__call('firstOrCreate', Array)
#21 C:/Documents/Herd/Thesis Monitoring/app/Console/Commands/ImportSupervisors.php(90): Illuminate/Database/Eloquent/Model::__callStatic('firstOrCreate', Array)
#22 C:/Documents/Herd/Thesis Monitoring/vendor/laravel/framework/src/Illuminate/Container/BoundMethod.php(36): App/Console/Commands/ImportSupervisors->handle()
#23 C:/Documents/Herd/Thesis Monitoring/vendor/laravel/framework/src/Illuminate/Container/Util.php(43): Illuminate/Container/BoundMethod::Illuminate/Container/{closure}()
#24 C:/Documents/Herd/Thesis Monitoring/vendor/laravel/framework/src/Illuminate/Container/BoundMethod.php(96): Illuminate/Container/Util::unwrapIfClosure(Object(Closure))
#25 C:/Documents/Herd/Thesis Monitoring/vendor/laravel/framework/src/Illuminate/Container/BoundMethod.php(35): Illuminate/Container/BoundMethod::callBoundMethod(Object(Illuminate/Foundation/Application), Array, Object(Closure))
#26 C:/Documents/Herd/Thesis Monitoring/vendor/laravel/framework/src/Illuminate/Container/Container.php(799): Illuminate/Container/BoundMethod::call(Object(Illuminate/Foundation/Application), Array, Array, NULL)
#27 C:/Documents/Herd/Thesis Monitoring/vendor/laravel/framework/src/Illuminate/Console/Command.php(211): Illuminate/Container/Container->call(Array)
#28 C:/Documents/Herd/Thesis Monitoring/vendor/symfony/console/Command/Command.php(341): Illuminate/Console/Command->execute(Object(Symfony/Component/Console/Input/ArgvInput), Object(Illuminate/Console/OutputStyle))
#29 C:/Documents/Herd/Thesis Monitoring/vendor/laravel/framework/src/Illuminate/Console/Command.php(180): Symfony/Component/Console/Command/Command->run(Object(Symfony/Component/Console/Input/ArgvInput), Object(Illuminate/Console/OutputStyle))
#30 C:/Documents/Herd/Thesis Monitoring/vendor/symfony/console/Application.php(1117): Illuminate/Console/Command->run(Object(Symfony/Component/Console/Input/ArgvInput), Object(Symfony/Component/Console/Output/ConsoleOutput))
#31 C:/Documents/Herd/Thesis Monitoring/vendor/symfony/console/Application.php(356): Symfony/Component/Console/Application->doRunCommand(Object(App/Console/Commands/ImportSupervisors), Object(Symfony/Component/Console/Input/ArgvInput), Object(Symfony/Component/Console/Output/ConsoleOutput))
#32 C:/Documents/Herd/Thesis Monitoring/vendor/symfony/console/Application.php(195): Symfony/Component/Console/Application->doRun(Object(Symfony/Component/Console/Input/ArgvInput), Object(Symfony/Component/Console/Output/ConsoleOutput))
#33 C:/Documents/Herd/Thesis Monitoring/vendor/laravel/framework/src/Illuminate/Foundation/Console/Kernel.php(198): Symfony/Component/Console/Application->run(Object(Symfony/Component/Console/Input/ArgvInput), Object(Symfony/Component/Console/Output/ConsoleOutput))
#34 C:/Documents/Herd/Thesis Monitoring/vendor/laravel/framework/src/Illuminate/Foundation/Application.php(1235): Illuminate/Foundation/Console/Kernel->handle(Object(Symfony/Component/Console/Input/ArgvInput), Object(Symfony/Component/Console/Output/ConsoleOutput))
#35 C:/Documents/Herd/Thesis Monitoring/artisan(16): Illuminate/Foundation/Application->handleCommand(Object(Symfony/Component/Console/Input/ArgvInput))
#36 {main}
"} 
[2026-09-23 11:41:50] local.ERROR: SQLSTATE[HY000]: General error: 1 table supervisors has no column named max_students (Connection: sqlite, Database: C:\Documents\Herd\Thesis Monitoring\database\database.sqlite, SQL: insert into "supervisors" ("user_id", "department", "max_students", "updated_at", "created_at") values (83, ACETEL, 5, 2026-09-23 11:41:50, 2026-09-23 11:41:50)) {"exception":"[object] (Illuminate\\Database\\QueryException(code: HY000): SQLSTATE[HY000]: General error: 1 table supervisors has no column named max_students (Connection: sqlite, Database: C:\\Documents\\Herd\\Thesis Monitoring\\database\\database.sqlite, SQL: insert into \"supervisors\" (\"user_id\", \"department\", \"max_students\", \"updated_at\", \"created_at\") values (83, ACETEL, 5, 2026-09-23 11:41:50, 2026-09-23 11:41:50)) at C:/Documents/Herd/Thesis Monitoring/vendor/laravel/framework/src/Illuminate/Database/Connection.php:838)
[stacktrace]
#0 C:/Documents/Herd/Thesis Monitoring/vendor/laravel/framework/src/Illuminate/Database/Connection.php(794): Illuminate/Database/Connection->runQueryCallback('insert into \"su...', Array, Object(Closure))
#1 C:/Documents/Herd/Thesis Monitoring/vendor/laravel/framework/src/Illuminate/Database/Connection.php(573): Illuminate/Database/Connection->run('insert into \"su...', Array, Object(Closure))
#2 C:/Documents/Herd/Thesis Monitoring/vendor/laravel/framework/src/Illuminate/Database/Connection.php(537): Illuminate/Database/Connection->statement('insert into \"su...', Array)
#3 C:/Documents/Herd/Thesis Monitoring/vendor/laravel/framework/src/Illuminate/Database/Query/Processors/Processor.php(32): Illuminate/Database/Connection->insert('insert into \"su...', Array)
#4 C:/Documents/Herd/Thesis Monitoring/vendor/laravel/framework/src/Illuminate/Database/Query/Builder.php(4170): Illuminate/Database/Query/Processors/Processor->processInsertGetId(Object(Illuminate/Database/Query/Builder), 'insert into \"su...', Array, 'id')
#5 C:/Documents/Herd/Thesis Monitoring/vendor/laravel/framework/src/Illuminate/Database/Eloquent/Builder.php(2237): Illuminate/Database/Query/Builder->insertGetId(Array, 'id')
#6 C:/Documents/Herd/Thesis Monitoring/vendor/laravel/framework/src/Illuminate/Database/Eloquent/Model.php(1436): Illuminate/Database/Eloquent/Builder->__call('insertGetId', Array)
#7 C:/Documents/Herd/Thesis Monitoring/vendor/laravel/framework/src/Illuminate/Database/Eloquent/Model.php(1401): Illuminate/Database/Eloquent/Model->insertAndSetId(Object(Illuminate/Database/Eloquent/Builder), Array)
#8 C:/Documents/Herd/Thesis Monitoring/vendor/laravel/framework/src/Illuminate/Database/Eloquent/Model.php(1240): Illuminate/Database/Eloquent/Model->performInsert(Object(Illuminate/Database/Eloquent/Builder))
#9 C:/Documents/Herd/Thesis Monitoring/vendor/laravel/framework/src/Illuminate/Database/Eloquent/Builder.php(1219): Illuminate/Database/Eloquent/Model->save()
#10 C:/Documents/Herd/Thesis Monitoring/vendor/laravel/framework/src/Illuminate/Support/helpers.php(393): Illuminate/Database/Eloquent/Builder->Illuminate/Database/Eloquent/{closure}(Object(App/Models/Supervisor))
#11 C:/Documents/Herd/Thesis Monitoring/vendor/laravel/framework/src/Illuminate/Database/Eloquent/Builder.php(1218): tap(Object(App/Models/Supervisor), Object(Closure))
#12 C:/Documents/Herd/Thesis Monitoring/vendor/laravel/framework/src/Illuminate/Database/Eloquent/Builder.php(725): Illuminate/Database/Eloquent/Builder->create(Array)
#13 C:/Documents/Herd/Thesis Monitoring/vendor/laravel/framework/src/Illuminate/Database/Eloquent/Builder.php(1961): Illuminate/Database/Eloquent/Builder->Illuminate/Database/Eloquent/{closure}()
#14 C:/Documents/Herd/Thesis Monitoring/vendor/laravel/framework/src/Illuminate/Database/Eloquent/Builder.php(725): Illuminate/Database/Eloquent/Builder->withSavepointIfNeeded(Object(Closure))
#15 C:/Documents/Herd/Thesis Monitoring/vendor/laravel/framework/src/Illuminate/Database/Eloquent/Builder.php(712): Illuminate/Database/Eloquent/Builder->createOrFirst(Array, Array)
#16 C:/Documents/Herd/Thesis Monitoring/vendor/laravel/framework/src/Illuminate/Support/Traits/ForwardsCalls.php(23): Illuminate/Database/Eloquent/Builder->firstOrCreate(Array, Array)
#17 C:/Documents/Herd/Thesis Monitoring/vendor/laravel/framework/src/Illuminate/Database/Eloquent/Model.php(2544): Illuminate/Database/Eloquent/Model->forwardCallTo(Object(Illuminate/Database/Eloquent/Builder), 'firstOrCreate', Array)
#18 C:/Documents/Herd/Thesis Monitoring/vendor/laravel/framework/src/Illuminate/Database/Eloquent/Model.php(2560): Illuminate/Database/Eloquent/Model->__call('firstOrCreate', Array)
#19 C:/Documents/Herd/Thesis Monitoring/app/Console/Commands/ImportSupervisors.php(90): Illuminate/Database/Eloquent/Model::__callStatic('firstOrCreate', Array)
#20 C:/Documents/Herd/Thesis Monitoring/vendor/laravel/framework/src/Illuminate/Container/BoundMethod.php(36): App/Console/Commands/ImportSupervisors->handle()
#21 C:/Documents/Herd/Thesis Monitoring/vendor/laravel/framework/src/Illuminate/Container/Util.php(43): Illuminate/Container/BoundMethod::Illuminate/Container/{closure}()
#22 C:/Documents/Herd/Thesis Monitoring/vendor/laravel/framework/src/Illuminate/Container/BoundMethod.php(96): Illuminate/Container/Util::unwrapIfClosure(Object(Closure))
#23 C:/Documents/Herd/Thesis Monitoring/vendor/laravel/framework/src/Illuminate/Container/BoundMethod.php(35): Illuminate/Container/BoundMethod::callBoundMethod(Object(Illuminate/Foundation/Application), Array, Object(Closure))
#24 C:/Documents/Herd/Thesis Monitoring/vendor/laravel/framework/src/Illuminate/Container/Container.php(799): Illuminate/Container/BoundMethod::call(Object(Illuminate/Foundation/Application), Array, Array, NULL)
#25 C:/Documents/Herd/Thesis Monitoring/vendor/laravel/framework/src/Illuminate/Console/Command.php(211): Illuminate/Container/Container->call(Array)
#26 C:/Documents/Herd/Thesis Monitoring/vendor/symfony/console/Command/Command.php(341): Illuminate/Console/Command->execute(Object(Symfony/Component/Console/Input/ArgvInput), Object(Illuminate/Console/OutputStyle))
#27 C:/Documents/Herd/Thesis Monitoring/vendor/laravel/framework/src/Illuminate/Console/Command.php(180): Symfony/Component/Console/Command/Command->run(Object(Symfony/Component/Console/Input/ArgvInput), Object(Illuminate/Console/OutputStyle))
#28 C:/Documents/Herd/Thesis Monitoring/vendor/symfony/console/Application.php(1117): Illuminate/Console/Command->run(Object(Symfony/Component/Console/Input/ArgvInput), Object(Symfony/Component/Console/Output/ConsoleOutput))
#29 C:/Documents/Herd/Thesis Monitoring/vendor/symfony/console/Application.php(356): Symfony/Component/Console/Application->doRunCommand(Object(App/Console/Commands/ImportSupervisors), Object(Symfony/Component/Console/Input/ArgvInput), Object(Symfony/Component/Console/Output/ConsoleOutput))
#30 C:/Documents/Herd/Thesis Monitoring/vendor/symfony/console/Application.php(195): Symfony/Component/Console/Application->doRun(Object(Symfony/Component/Console/Input/ArgvInput), Object(Symfony/Component/Console/Output/ConsoleOutput))
#31 C:/Documents/Herd/Thesis Monitoring/vendor/laravel/framework/src/Illuminate/Foundation/Console/Kernel.php(198): Symfony/Component/Console/Application->run(Object(Symfony/Component/Console/Input/ArgvInput), Object(Symfony/Component/Console/Output/ConsoleOutput))
#32 C:/Documents/Herd/Thesis Monitoring/vendor/laravel/framework/src/Illuminate/Foundation/Application.php(1235): Illuminate/Foundation/Console/Kernel->handle(Object(Symfony/Component/Console/Input/ArgvInput), Object(Symfony/Component/Console/Output/ConsoleOutput))
#33 C:/Documents/Herd/Thesis Monitoring/artisan(16): Illuminate/Foundation/Application->handleCommand(Object(Symfony/Component/Console/Input/ArgvInput))
#34 {main}

[previous exception] [object] (PDOException(code: HY000): SQLSTATE[HY000]: General error: 1 table supervisors has no column named max_students at C:/Documents/Herd/Thesis Monitoring/vendor/laravel/framework/src/Illuminate/Database/Connection.php:578)
[stacktrace]
#0 C:/Documents/Herd/Thesis Monitoring/vendor/laravel/framework/src/Illuminate/Database/Connection.php(578): PDO->prepare('insert into \"su...')
#1 C:/Documents/Herd/Thesis Monitoring/vendor/laravel/framework/src/Illuminate/Database/Connection.php(827): Illuminate/Database/Connection->Illuminate/Database/{closure}('insert into \"su...', Array)
#2 C:/Documents/Herd/Thesis Monitoring/vendor/laravel/framework/src/Illuminate/Database/Connection.php(794): Illuminate/Database/Connection->runQueryCallback('insert into \"su...', Array, Object(Closure))
#3 C:/Documents/Herd/Thesis Monitoring/vendor/laravel/framework/src/Illuminate/Database/Connection.php(573): Illuminate/Database/Connection->run('insert into \"su...', Array, Object(Closure))
#4 C:/Documents/Herd/Thesis Monitoring/vendor/laravel/framework/src/Illuminate/Database/Connection.php(537): Illuminate/Database/Connection->statement('insert into \"su...', Array)
#5 C:/Documents/Herd/Thesis Monitoring/vendor/laravel/framework/src/Illuminate/Database/Query/Processors/Processor.php(32): Illuminate/Database/Connection->insert('insert into \"su...', Array)
#6 C:/Documents/Herd/Thesis Monitoring/vendor/laravel/framework/src/Illuminate/Database/Query/Builder.php(4170): Illuminate/Database/Query/Processors/Processor->processInsertGetId(Object(Illuminate/Database/Query/Builder), 'insert into \"su...', Array, 'id')
#7 C:/Documents/Herd/Thesis Monitoring/vendor/laravel/framework/src/Illuminate/Database/Eloquent/Builder.php(2237): Illuminate/Database/Query/Builder->insertGetId(Array, 'id')
#8 C:/Documents/Herd/Thesis Monitoring/vendor/laravel/framework/src/Illuminate/Database/Eloquent/Model.php(1436): Illuminate/Database/Eloquent/Builder->__call('insertGetId', Array)
#9 C:/Documents/Herd/Thesis Monitoring/vendor/laravel/framework/src/Illuminate/Database/Eloquent/Model.php(1401): Illuminate/Database/Eloquent/Model->insertAndSetId(Object(Illuminate/Database/Eloquent/Builder), Array)
#10 C:/Documents/Herd/Thesis Monitoring/vendor/laravel/framework/src/Illuminate/Database/Eloquent/Model.php(1240): Illuminate/Database/Eloquent/Model->performInsert(Object(Illuminate/Database/Eloquent/Builder))
#11 C:/Documents/Herd/Thesis Monitoring/vendor/laravel/framework/src/Illuminate/Database/Eloquent/Builder.php(1219): Illuminate/Database/Eloquent/Model->save()
#12 C:/Documents/Herd/Thesis Monitoring/vendor/laravel/framework/src/Illuminate/Support/helpers.php(393): Illuminate/Database/Eloquent/Builder->Illuminate/Database/Eloquent/{closure}(Object(App/Models/Supervisor))
#13 C:/Documents/Herd/Thesis Monitoring/vendor/laravel/framework/src/Illuminate/Database/Eloquent/Builder.php(1218): tap(Object(App/Models/Supervisor), Object(Closure))
#14 C:/Documents/Herd/Thesis Monitoring/vendor/laravel/framework/src/Illuminate/Database/Eloquent/Builder.php(725): Illuminate/Database/Eloquent/Builder->create(Array)
#15 C:/Documents/Herd/Thesis Monitoring/vendor/laravel/framework/src/Illuminate/Database/Eloquent/Builder.php(1961): Illuminate/Database/Eloquent/Builder->Illuminate/Database/Eloquent/{closure}()
#16 C:/Documents/Herd/Thesis Monitoring/vendor/laravel/framework/src/Illuminate/Database/Eloquent/Builder.php(725): Illuminate/Database/Eloquent/Builder->withSavepointIfNeeded(Object(Closure))
#17 C:/Documents/Herd/Thesis Monitoring/vendor/laravel/framework/src/Illuminate/Database/Eloquent/Builder.php(712): Illuminate/Database/Eloquent/Builder->createOrFirst(Array, Array)
#18 C:/Documents/Herd/Thesis Monitoring/vendor/laravel/framework/src/Illuminate/Support/Traits/ForwardsCalls.php(23): Illuminate/Database/Eloquent/Builder->firstOrCreate(Array, Array)
#19 C:/Documents/Herd/Thesis Monitoring/vendor/laravel/framework/src/Illuminate/Database/Eloquent/Model.php(2544): Illuminate/Database/Eloquent/Model->forwardCallTo(Object(Illuminate/Database/Eloquent/Builder), 'firstOrCreate', Array)
#20 C:/Documents/Herd/Thesis Monitoring/vendor/laravel/framework/src/Illuminate/Database/Eloquent/Model.php(2560): Illuminate/Database/Eloquent/Model->__call('firstOrCreate', Array)
#21 C:/Documents/Herd/Thesis Monitoring/app/Console/Commands/ImportSupervisors.php(90): Illuminate/Database/Eloquent/Model::__callStatic('firstOrCreate', Array)
#22 C:/Documents/Herd/Thesis Monitoring/vendor/laravel/framework/src/Illuminate/Container/BoundMethod.php(36): App/Console/Commands/ImportSupervisors->handle()
#23 C:/Documents/Herd/Thesis Monitoring/vendor/laravel/framework/src/Illuminate/Container/Util.php(43): Illuminate/Container/BoundMethod::Illuminate/Container/{closure}()
#24 C:/Documents/Herd/Thesis Monitoring/vendor/laravel/framework/src/Illuminate/Container/BoundMethod.php(96): Illuminate/Container/Util::unwrapIfClosure(Object(Closure))
#25 C:/Documents/Herd/Thesis Monitoring/vendor/laravel/framework/src/Illuminate/Container/BoundMethod.php(35): Illuminate/Container/BoundMethod::callBoundMethod(Object(Illuminate/Foundation/Application), Array, Object(Closure))
#26 C:/Documents/Herd/Thesis Monitoring/vendor/laravel/framework/src/Illuminate/Container/Container.php(799): Illuminate/Container/BoundMethod::call(Object(Illuminate/Foundation/Application), Array, Array, NULL)
#27 C:/Documents/Herd/Thesis Monitoring/vendor/laravel/framework/src/Illuminate/Console/Command.php(211): Illuminate/Container/Container->call(Array)
#28 C:/Documents/Herd/Thesis Monitoring/vendor/symfony/console/Command/Command.php(341): Illuminate/Console/Command->execute(Object(Symfony/Component/Console/Input/ArgvInput), Object(Illuminate/Console/OutputStyle))
#29 C:/Documents/Herd/Thesis Monitoring/vendor/laravel/framework/src/Illuminate/Console/Command.php(180): Symfony/Component/Console/Command/Command->run(Object(Symfony/Component/Console/Input/ArgvInput), Object(Illuminate/Console/OutputStyle))
#30 C:/Documents/Herd/Thesis Monitoring/vendor/symfony/console/Application.php(1117): Illuminate/Console/Command->run(Object(Symfony/Component/Console/Input/ArgvInput), Object(Symfony/Component/Console/Output/ConsoleOutput))
#31 C:/Documents/Herd/Thesis Monitoring/vendor/symfony/console/Application.php(356): Symfony/Component/Console/Application->doRunCommand(Object(App/Console/Commands/ImportSupervisors), Object(Symfony/Component/Console/Input/ArgvInput), Object(Symfony/Component/Console/Output/ConsoleOutput))
#32 C:/Documents/Herd/Thesis Monitoring/vendor/symfony/console/Application.php(195): Symfony/Component/Console/Application->doRun(Object(Symfony/Component/Console/Input/ArgvInput), Object(Symfony/Component/Console/Output/ConsoleOutput))
#33 C:/Documents/Herd/Thesis Monitoring/vendor/laravel/framework/src/Illuminate/Foundation/Console/Kernel.php(198): Symfony/Component/Console/Application->run(Object(Symfony/Component/Console/Input/ArgvInput), Object(Symfony/Component/Console/Output/ConsoleOutput))
#34 C:/Documents/Herd/Thesis Monitoring/vendor/laravel/framework/src/Illuminate/Foundation/Application.php(1235): Illuminate/Foundation/Console/Kernel->handle(Object(Symfony/Component/Console/Input/ArgvInput), Object(Symfony/Component/Console/Output/ConsoleOutput))
#35 C:/Documents/Herd/Thesis Monitoring/artisan(16): Illuminate/Foundation/Application->handleCommand(Object(Symfony/Component/Console/Input/ArgvInput))
#36 {main}
"} 
[2026-10-03 11:49:42] local.ERROR: PHP Parse error: Syntax error, unexpected T_NS_SEPARATOR on line 1 {"exception":"[object] (Psy\\Exception\\ParseErrorException(code: 0): PHP Parse error: Syntax error, unexpected T_NS_SEPARATOR on line 1 at C:/Documents/Herd/Thesis Monitoring/vendor/psy/psysh/src/Exception/ParseErrorException.php:44)
[stacktrace]
#0 C:/Documents/Herd/Thesis Monitoring/vendor/psy/psysh/src/CodeCleaner.php(657): Psy/Exception/ParseErrorException::fromParseError(Object(PhpParser/Error))
#1 C:/Documents/Herd/Thesis Monitoring/vendor/psy/psysh/src/CodeCleaner.php(273): Psy/CodeCleaner->parse('<?php // = App//M...', false)
#2 C:/Documents/Herd/Thesis Monitoring/vendor/psy/psysh/src/Shell.php(1399): Psy/CodeCleaner->clean(Array, false)
#3 C:/Documents/Herd/Thesis Monitoring/vendor/psy/psysh/src/Shell.php(1506): Psy/Shell->appendCode('// = App//Models//...', true, false)
#4 C:/Documents/Herd/Thesis Monitoring/vendor/psy/psysh/src/Shell.php(2215): Psy/Shell->setCode('// = App//Models//...', true)
#5 C:/Documents/Herd/Thesis Monitoring/vendor/laravel/tinker/src/Console/TinkerCommand.php(77): Psy/Shell->execute('// = App//Models//...')
#6 C:/Documents/Herd/Thesis Monitoring/vendor/laravel/framework/src/Illuminate/Container/BoundMethod.php(36): Laravel/Tinker/Console/TinkerCommand->handle()
#7 C:/Documents/Herd/Thesis Monitoring/vendor/laravel/framework/src/Illuminate/Container/Util.php(43): Illuminate/Container/BoundMethod::Illuminate/Container/{closure}()
#8 C:/Documents/Herd/Thesis Monitoring/vendor/laravel/framework/src/Illuminate/Container/BoundMethod.php(96): Illuminate/Container/Util::unwrapIfClosure(Object(Closure))
#9 C:/Documents/Herd/Thesis Monitoring/vendor/laravel/framework/src/Illuminate/Container/BoundMethod.php(35): Illuminate/Container/BoundMethod::callBoundMethod(Object(Illuminate/Foundation/Application), Array, Object(Closure))
#10 C:/Documents/Herd/Thesis Monitoring/vendor/laravel/framework/src/Illuminate/Container/Container.php(799): Illuminate/Container/BoundMethod::call(Object(Illuminate/Foundation/Application), Array, Array, NULL)
#11 C:/Documents/Herd/Thesis Monitoring/vendor/laravel/framework/src/Illuminate/Console/Command.php(211): Illuminate/Container/Container->call(Array)
#12 C:/Documents/Herd/Thesis Monitoring/vendor/symfony/console/Command/Command.php(341): Illuminate/Console/Command->execute(Object(Symfony/Component/Console/Input/ArgvInput), Object(Illuminate/Console/OutputStyle))
#13 C:/Documents/Herd/Thesis Monitoring/vendor/laravel/framework/src/Illuminate/Console/Command.php(180): Symfony/Component/Console/Command/Command->run(Object(Symfony/Component/Console/Input/ArgvInput), Object(Illuminate/Console/OutputStyle))
#14 C:/Documents/Herd/Thesis Monitoring/vendor/symfony/console/Application.php(1117): Illuminate/Console/Command->run(Object(Symfony/Component/Console/Input/ArgvInput), Object(Symfony/Component/Console/Output/ConsoleOutput))
#15 C:/Documents/Herd/Thesis Monitoring/vendor/symfony/console/Application.php(356): Symfony/Component/Console/Application->doRunCommand(Object(Laravel/Tinker/Console/TinkerCommand), Object(Symfony/Component/Console/Input/ArgvInput), Object(Symfony/Component/Console/Output/ConsoleOutput))
#16 C:/Documents/Herd/Thesis Monitoring/vendor/symfony/console/Application.php(195): Symfony/Component/Console/Application->doRun(Object(Symfony/Component/Console/Input/ArgvInput), Object(Symfony/Component/Console/Output/ConsoleOutput))
#17 C:/Documents/Herd/Thesis Monitoring/vendor/laravel/framework/src/Illuminate/Foundation/Console/Kernel.php(198): Symfony/Component/Console/Application->run(Object(Symfony/Component/Console/Input/ArgvInput), Object(Symfony/Component/Console/Output/ConsoleOutput))
#18 C:/Documents/Herd/Thesis Monitoring/vendor/laravel/framework/src/Illuminate/Foundation/Application.php(1235): Illuminate/Foundation/Console/Kernel->handle(Object(Symfony/Component/Console/Input/ArgvInput), Object(Symfony/Component/Console/Output/ConsoleOutput))
#19 C:/Documents/Herd/Thesis Monitoring/artisan(16): Illuminate/Foundation/Application->handleCommand(Object(Symfony/Component/Console/Input/ArgvInput))
#20 {main}
"} 
[2026-10-03 15:05:12] local.ERROR: PHP Parse error: Syntax error, unexpected T_NS_SEPARATOR, expecting T_VARIABLE on line 1 {"exception":"[object] (Psy\\Exception\\ParseErrorException(code: 0): PHP Parse error: Syntax error, unexpected T_NS_SEPARATOR, expecting T_VARIABLE on line 1 at C:/Documents/Herd/Thesis Monitoring/vendor/psy/psysh/src/Exception/ParseErrorException.php:44)
[stacktrace]
#0 C:/Documents/Herd/Thesis Monitoring/vendor/psy/psysh/src/CodeCleaner.php(657): Psy/Exception/ParseErrorException::fromParseError(Object(PhpParser/Error))
#1 C:/Documents/Herd/Thesis Monitoring/vendor/psy/psysh/src/CodeCleaner.php(273): Psy/CodeCleaner->parse('<?php App//Model...', false)
#2 C:/Documents/Herd/Thesis Monitoring/vendor/psy/psysh/src/Shell.php(1399): Psy/CodeCleaner->clean(Array, false)
#3 C:/Documents/Herd/Thesis Monitoring/vendor/psy/psysh/src/Shell.php(1506): Psy/Shell->appendCode('App//Models//Mile...', true, false)
#4 C:/Documents/Herd/Thesis Monitoring/vendor/psy/psysh/src/Shell.php(2215): Psy/Shell->setCode('App//Models//Mile...', true)
#5 C:/Documents/Herd/Thesis Monitoring/vendor/laravel/tinker/src/Console/TinkerCommand.php(77): Psy/Shell->execute('App//Models//Mile...')
#6 C:/Documents/Herd/Thesis Monitoring/vendor/laravel/framework/src/Illuminate/Container/BoundMethod.php(36): Laravel/Tinker/Console/TinkerCommand->handle()
#7 C:/Documents/Herd/Thesis Monitoring/vendor/laravel/framework/src/Illuminate/Container/Util.php(43): Illuminate/Container/BoundMethod::Illuminate/Container/{closure}()
#8 C:/Documents/Herd/Thesis Monitoring/vendor/laravel/framework/src/Illuminate/Container/BoundMethod.php(96): Illuminate/Container/Util::unwrapIfClosure(Object(Closure))
#9 C:/Documents/Herd/Thesis Monitoring/vendor/laravel/framework/src/Illuminate/Container/BoundMethod.php(35): Illuminate/Container/BoundMethod::callBoundMethod(Object(Illuminate/Foundation/Application), Array, Object(Closure))
#10 C:/Documents/Herd/Thesis Monitoring/vendor/laravel/framework/src/Illuminate/Container/Container.php(799): Illuminate/Container/BoundMethod::call(Object(Illuminate/Foundation/Application), Array, Array, NULL)
#11 C:/Documents/Herd/Thesis Monitoring/vendor/laravel/framework/src/Illuminate/Console/Command.php(211): Illuminate/Container/Container->call(Array)
#12 C:/Documents/Herd/Thesis Monitoring/vendor/symfony/console/Command/Command.php(341): Illuminate/Console/Command->execute(Object(Symfony/Component/Console/Input/ArgvInput), Object(Illuminate/Console/OutputStyle))
#13 C:/Documents/Herd/Thesis Monitoring/vendor/laravel/framework/src/Illuminate/Console/Command.php(180): Symfony/Component/Console/Command/Command->run(Object(Symfony/Component/Console/Input/ArgvInput), Object(Illuminate/Console/OutputStyle))
#14 C:/Documents/Herd/Thesis Monitoring/vendor/symfony/console/Application.php(1117): Illuminate/Console/Command->run(Object(Symfony/Component/Console/Input/ArgvInput), Object(Symfony/Component/Console/Output/ConsoleOutput))
#15 C:/Documents/Herd/Thesis Monitoring/vendor/symfony/console/Application.php(356): Symfony/Component/Console/Application->doRunCommand(Object(Laravel/Tinker/Console/TinkerCommand), Object(Symfony/Component/Console/Input/ArgvInput), Object(Symfony/Component/Console/Output/ConsoleOutput))
#16 C:/Documents/Herd/Thesis Monitoring/vendor/symfony/console/Application.php(195): Symfony/Component/Console/Application->doRun(Object(Symfony/Component/Console/Input/ArgvInput), Object(Symfony/Component/Console/Output/ConsoleOutput))
#17 C:/Documents/Herd/Thesis Monitoring/vendor/laravel/framework/src/Illuminate/Foundation/Console/Kernel.php(198): Symfony/Component/Console/Application->run(Object(Symfony/Component/Console/Input/ArgvInput), Object(Symfony/Component/Console/Output/ConsoleOutput))
#18 C:/Documents/Herd/Thesis Monitoring/vendor/laravel/framework/src/Illuminate/Foundation/Application.php(1235): Illuminate/Foundation/Console/Kernel->handle(Object(Symfony/Component/Console/Input/ArgvInput), Object(Symfony/Component/Console/Output/ConsoleOutput))
#19 C:/Documents/Herd/Thesis Monitoring/artisan(16): Illuminate/Foundation/Application->handleCommand(Object(Symfony/Component/Console/Input/ArgvInput))
#20 {main}
"} 
[2026-10-03 15:05:51] local.ERROR: Class "App\Models\MilestoneTemplate" not found {"exception":"[object] (Error(code: 0): Class \"App\\Models\\MilestoneTemplate\" not found at C:/Users/acete/.gemini/antigravity/brain/afac369b-9ffe-44d3-a6b8-ecb5a3400387/scratch/check_templates.php:7)
[stacktrace]
#0 {main}
"} 
